=== Phase 1 Comp 重跑 ===
已完成：0 筆，剩餘：6057 筆

[1] 金額=1,237,470 保險扣除=False ✓

[2] 金額=148,068 保險扣除=False ✓

[3] 金額=941,687 保險扣除=False ✓

[4] 金額=4,258,757 保險扣除=False ✓

[5] 金額=3,073,958 保險扣除=False ✓

[6] 金額=252,470 保險扣除=False ✓

[7] 金額=1,398,123 保險扣除=False ✓

[8] 金額=203,069 保險扣除=False ✓

[9] 金額=1,196,684 保險扣除=False ✓

[10] 金額=506,638 保險扣除=False ✓

[11] 金額=594,190 保險扣除=False ✓

[12] 金額=108,724 保險扣除=False ✓

[13] 金額=9,658,927 保險扣除=False ✓

[14] 金額=1,178,396 保險扣除=False ✓

[15] 金額=51,497 保險扣除=False ✓

[16] 金額=499,648 保險扣除=False ✓

[17] 金額=830,000 保險扣除=False ✓

[18] 金額=17,852,209 保險扣除=False ✓

[19] 金額=7,555,142 保險扣除=False ✓

[20] 金額=3,190,589 保險扣除=False ✓

[21] 金額=565,900 保險扣除=False ✓

[22] 金額=1,024,160 保險扣除=False ✓

[23] 金額=70,000 保險扣除=False ✓

[24] 金額=66,900 保險扣除=False ✓

[25] 金額=100,000 保險扣除=False ✓

[26] 金額=180,000 保險扣除=False ✓

[27] 金額=132,220 保險扣除=False ✓

[28] 金額=806,625 保險扣除=True ✓

[29] 金額=787,896 保險扣除=False ✓

[30] 金額=464,012 保險扣除=False ✓

[31] 金額=362,842 保險扣除=False ✓

[32] 金額=331,689 保險扣除=False ✓

[33] 金額=195,900 保險扣除=False ✓

[34] 金額=646,171 保險扣除=False ✓

[35] 金額=82,100 保險扣除=False ✓

[36] 金額=241,724 保險扣除=False ✓

[37] 金額=300,000 保險扣除=False ✓

[38] 金額=239,442 保險扣除=False ✓

[39] 金額=52,633 保險扣除=False ✓

[40] 金額=363,713 保險扣除=False ✓

[41] 金額=100,020 保險扣除=False ✓

[42] 金額=299,100 保險扣除=False ✓

[43] 金額=222,590 保險扣除=False ✓

[44] 金額=297,136 保險扣除=False ✓

[45] 金額=478,700 保險扣除=False ✓

[46] 金額=587,212 保險扣除=False ✓

[47] 金額=345,995 保險扣除=False ✓

[48] 金額=260,035 保險扣除=False ✓

[49] 金額=334,130 保險扣除=False ✓

[50] 金額=255,106 保險扣除=False ✓

[51] 金額=339,139 保險扣除=False ✓

[52] 金額=356,158 保險扣除=False ✓

[53] 金額=481,303 保險扣除=False ✓

[54] 金額=265,490 保險扣除=False ✓

[55] 金額=525,820 保險扣除=False ✓

[56] 金額=164,679 保險扣除=True ✓

[57] 金額=224,837 保險扣除=False ✓

[58] 金額=216,048 保險扣除=False ✓

[59] 金額=83,903 保險扣除=False ✓

[60] 金額=55,300 保險扣除=False ✓

[61] 金額=509,700 保險扣除=False ✓

[62] 金額=621,600 保險扣除=False ✓

[63] 金額=368,721 保險扣除=False ✓

[64] 金額=318,930 保險扣除=False ✓

[65] 金額=470,200 保險扣除=False ✓

[66] 金額=76,559 保險扣除=False ✓

[67] 金額=397,779 保險扣除=False ✓

[68] 金額=471,126 保險扣除=False ✓

[69] 金額=544,180 保險扣除=False ✓

[70] 金額=189,200 保險扣除=False ✓

[71] 金額=278,360 保險扣除=False ✓

[72] 金額=150,000 保險扣除=False ✓

[73] 金額=20,000 保險扣除=True ✓

[74] 金額=559,775 保險扣除=False ✓

[75] 金額=172,291 保險扣除=False ✓

[76] 金額=232,029 保險扣除=False ✓

[77] 金額=321,007 保險扣除=False ✓

[78] 金額=394,720 保險扣除=False ✓

[79] 金額=500,000 保險扣除=False ✓

[80] 金額=230,103 保險扣除=False ✓

[81] 金額=74,927 保險扣除=True ✓

[82] 金額=2,201,079 保險扣除=False ✓

[83] 金額=3,346,413 保險扣除=False ✓

[84] 金額=600,000 保險扣除=False ✓

[85] 金額=215,922 保險扣除=False ✓

[86] 金額=122,972 保險扣除=False ✓

[87] 金額=1,743,415 保險扣除=False ✓

[88] 金額=824,699 保險扣除=False ✓

[89] 金額=700,879 保險扣除=False ✓

[90] 金額=206,600 保險扣除=False ✓

[91] 金額=3,684,596 保險扣除=False ✓

[92] 金額=1,473,786 保險扣除=False ✓

[93] 金額=707,746 保險扣除=False ✓

[94] 金額=1,846,053 保險扣除=False ✓

[95] 金額=2,137,508 保險扣除=False ✓

[96] 金額=898,406 保險扣除=False ✓

[97] 金額=22,000 保險扣除=False ✓

[98] 金額=30,000 保險扣除=False ✓

[99] 金額=85,200 保險扣除=False ✓

[100] 金額=2,487,981 保險扣除=False ✓

[101] 金額=557,388 保險扣除=True ✓

[102] 金額=415,320 保險扣除=False ✓

[103] 金額=332,637 保險扣除=False ✓

[104] 金額=113,800 保險扣除=False ✓

[105] 金額=1,406,062 保險扣除=False ✓

[106] 金額=8,617,020 保險扣除=False ✓

[107] 金額=322,225 保險扣除=False ✓

[108] 金額=9,621,694 保險扣除=False ✓

[109] 金額=1,267,979 保險扣除=False ✓

[110] 金額=1,974,859 保險扣除=False ✓

[111] 金額=517,585 保險扣除=True ✓

[112] 金額=956,309 保險扣除=False ✓

[113] 金額=4,656,520 保險扣除=False ✓

[114] 金額=431,653 保險扣除=False ✓

[115] 金額=3,297,282 保險扣除=False ✓

[116] 金額=293,097 保險扣除=False ✓

[117] 金額=168,000 保險扣除=False ✓

[118] 金額=523,443 保險扣除=False ✓

[119] 金額=447,932 保險扣除=False ✓

[120] 金額=67,552 保險扣除=False ✓

[121] 金額=756,140 保險扣除=False ✓

[122] 金額=65,756 保險扣除=False ✓

[123] 金額=119,400 保險扣除=True ✓

[124] 金額=300,000 保險扣除=False ✓

[125] 金額=64,033 保險扣除=False ✓

[126] 金額=200,000 保險扣除=False ✓

[127] 金額=423,291 保險扣除=False ✓

[128] 金額=3,000,988 保險扣除=False ✓

[129] 金額=96,000 保險扣除=False ✓

[130] 金額=894,916 保險扣除=False ✓

[131] 金額=383,905 保險扣除=True ✓

[132] 金額=1,017,540 保險扣除=False ✓

[133] 金額=400,000 保險扣除=False ✓

[134] 金額=479,599 保險扣除=True ✓

[135] 金額=104,337 保險扣除=False ✓

[136] 金額=180,437 保險扣除=False ✓

[137] 金額=235,000 保險扣除=False ✓

[138] 金額=280,000 保險扣除=False ✓

[139] 金額=50,000 保險扣除=False ✓

[140] 金額=413,900 保險扣除=False ✓

[141] 金額=88,000 保險扣除=False ✓

[142] 金額=30,998 保險扣除=False ✓

[143] 金額=301,484 保險扣除=False ✓

[144] 金額=166,652 保險扣除=False ✓

[145] 金額=40,024 保險扣除=False ✓

[146] 金額=125,646 保險扣除=False ✓

[147] 金額=300,000 保險扣除=False ✓

[148] 金額=44,556 保險扣除=False ✓

[149] 金額=165,800 保險扣除=False ✓

[150] 金額=39,257 保險扣除=False ✓

[151] 金額=26,756 保險扣除=False ✓

[152] 金額=188,000 保險扣除=False ✓

[153] 金額=34,069 保險扣除=False ✓

[154] 金額=22,000 保險扣除=False ✓

[155] 金額=99,913 保險扣除=False ✓

[156] 金額=3,350,552 保險扣除=False ✓

[157] 金額=206,000 保險扣除=False ✓

[158] 金額=69,614 保險扣除=False ✓

[159] 金額=414,030 保險扣除=True ✓

[160] 金額=20,000 保險扣除=False ✓

[161] 金額=2,325,607 保險扣除=False ✓

[162] 金額=222,495 保險扣除=False ✓

[163] 金額=2,205,711 保險扣除=True ✓

[164] 金額=4,246,690 保險扣除=False ✓

[165] 金額=2,181,231 保險扣除=False ✓

[166] 金額=1,200,000 保險扣除=False ✓

[167] 金額=1,307,367 保險扣除=False ✓

[168] 金額=1,552,014 保險扣除=False ✓

[169] 金額=2,077,697 保險扣除=True ✓

[170] 金額=741,630 保險扣除=False ✓

[171] 金額=3,132,000 保險扣除=False ✓

[172] 金額=11,448,208 保險扣除=True ✓

[173] 金額=680,396 保險扣除=True ✓

[174] 金額=757,160 保險扣除=False ✓

[175] 金額=1,472,420 保險扣除=False ✓

[176] 金額=2,324,438 保險扣除=False ✓

[177] 金額=2,437,701 保險扣除=False ✓

[178] 金額=5,000,000 保險扣除=False ✓

[179] 金額=656,105 保險扣除=False ✓

[180] 金額=928,650 保險扣除=False ✓

[181] 金額=1,637,240 保險扣除=False ✓

[182] 金額=506,530 保險扣除=False ✓

[183] 金額=738,234 保險扣除=False ✓

[184] 金額=569,338 保險扣除=False ✓

[185] 金額=2,365,484 保險扣除=False ✓

[186] 金額=2,024,646 保險扣除=True ✓

[187] 金額=2,103,153 保險扣除=False ✓

[188] 金額=1,361,343 保險扣除=False ✓

[189] 金額=669,360 保險扣除=False ✓

[190] 金額=5,134,239 保險扣除=False ✓

[191] 金額=1,175,846 保險扣除=False ✓

[192] 金額=739,163 保險扣除=False ✓

[193] 金額=769,442 保險扣除=False ✓

[194] 金額=4,000,000 保險扣除=True ✓

[195] 金額=1,549,033 保險扣除=False ✓

[196] 金額=591,945 保險扣除=False ✓

[197] 金額=1,298,310 保險扣除=False ✓

[198] 金額=1,872,722 保險扣除=False ✓

[199] 金額=1,444,993 保險扣除=False ✓

[200] 金額=6,070,432 保險扣除=False ✓

[201] 金額=2,581,022 保險扣除=False ✓

[202] 金額=985,000 保險扣除=True ✓

[203] 金額=1,043,764 保險扣除=False ✓

[204] 金額=569,384 保險扣除=True ✓

[205] 金額=589,502 保險扣除=False ✓

[206] 金額=534,809 保險扣除=False ✓

[207] 金額=4,299,658 保險扣除=False ✓

[208] 金額=534,066 保險扣除=False ✓

[209] 金額=1,619,761 保險扣除=False ✓

[210] 金額=947,535 保險扣除=False ✓

[211] 金額=376,990 保險扣除=False ✓

[212] 金額=63,000 保險扣除=False ✓

[213] 金額=48,546 保險扣除=False ✓

[214] 金額=112,450 保險扣除=False ✓

[215] 金額=142,000 保險扣除=False ✓

[216] 金額=233,055 保險扣除=False ✓

[217] 金額=500,000 保險扣除=False ✓

[218] 金額=491,542 保險扣除=False ✓

[219] 金額=119,950 保險扣除=False ✓

[220] 金額=162,350 保險扣除=False ✓

[221] 金額=50,000 保險扣除=False ✓

[222] 金額=209,780 保險扣除=False ✓

[223] 金額=330,000 保險扣除=False ✓

[224] 金額=4,784,156 保險扣除=True ✓

[225] 金額=45,145 保險扣除=False ✓

[226] 金額=248,611 保險扣除=False ✓

[227] 金額=150,137 保險扣除=False ✓

[228] 金額=241,943 保險扣除=False ✓

[229] 金額=211,963 保險扣除=False ✓

[230] 金額=209,887 保險扣除=True ✓

[231] 金額=255,840 保險扣除=False ✓

[232] 金額=494,475 保險扣除=False ✓

[233] 金額=86,000 保險扣除=False ✓

[234] 金額=75,451 保險扣除=False ✓

[235] 金額=30,000 保險扣除=False ✓

[236] 金額=183,454 保險扣除=False ✓

[237] 金額=290,000 保險扣除=False ✓

[238] 金額=73,340 保險扣除=False ✓

[239] 金額=10,900 保險扣除=False ✓

[240] 金額=28,389 保險扣除=False ✓

[241] 金額=15,986 保險扣除=False ✓

[242] 金額=363,665 保險扣除=False ✓

[243] 金額=118,300 保險扣除=False ✓

[244] 金額=312,115 保險扣除=False ✓

[245] 金額=98,669 保險扣除=False ✓

[246] 金額=200,000 保險扣除=False ✓

[247] 金額=88,682 保險扣除=False ✓

[248] 金額=400,000 保險扣除=False ✓

[249] 金額=50,000 保險扣除=False ✓

[250] 金額=180,240 保險扣除=False ✓

[251] 金額=265,400 保險扣除=True ✓

[252] 金額=174,162 保險扣除=False ✓

[253] 金額=212,300 保險扣除=False ✓

[254] 金額=249,646 保險扣除=False ✓

[255] 金額=94,558 保險扣除=True ✓

[256] 金額=46,605 保險扣除=False ✓

[257] 金額=63,834 保險扣除=False ✓

[258] 金額=100,000 保險扣除=False ✓

[259] 金額=20,000 保險扣除=False ✓

[260] 金額=495,041 保險扣除=True ✓

[261] 金額=128,470 保險扣除=False ✓

[262] 金額=411,323 保險扣除=True ✓

[263] 金額=217,450 保險扣除=False ✓

[264] 金額=269,366 保險扣除=False ✓

[265] 金額=302,264 保險扣除=True ✓

[266] 金額=677,421 保險扣除=False ✓

[267] 金額=382,470 保險扣除=True ✓

[268] 金額=344,236 保險扣除=False ✓

[269] 金額=11,813 保險扣除=False ✓

[270] 金額=20,000 保險扣除=False ✓

[271] 金額=13,756 保險扣除=False ✓

[272] 金額=73,716 保險扣除=False ✓

[273] 金額=49,502 保險扣除=False ✓

[274] 金額=13,050 保險扣除=False ✓

[275] 金額=90,643 保險扣除=False ✓

[276] 金額=35,076 保險扣除=False ✓

[277] 金額=40,560 保險扣除=False ✓

[278] 金額=71,130 保險扣除=False ✓

[279] 金額=325,592 保險扣除=False ✓

[280] 金額=53,689 保險扣除=False ✓

[281] 金額=140,959 保險扣除=True ✓

[282] 金額=401,360 保險扣除=False ✓

[283] 金額=251,896 保險扣除=False ✓

[284] 金額=337,000 保險扣除=True ✓

[285] 金額=255,032 保險扣除=False ✓

[286] 金額=233,693 保險扣除=False ✓

[287] 金額=254,370 保險扣除=False ✓

[288] 金額=301,655 保險扣除=False ✓

[289] 金額=249,832 保險扣除=True ✓

[290] 金額=883,500 保險扣除=False ✓

[291] 金額=494,090 保險扣除=False ✓

[292] 金額=377,892 保險扣除=False ✓

[293] 金額=100,000 保險扣除=False ✓

[294] 金額=30,000 保險扣除=False ✓

[295] 金額=80,000 保險扣除=False ✓

[296] 金額=100,000 保險扣除=False ✓

[297] 金額=269,852 保險扣除=False ✓

[298] 金額=183,449 保險扣除=False ✓

[299] 金額=228,190 保險扣除=False ✓

[300] 金額=139,289 保險扣除=True ✓

[301] 金額=136,885 保險扣除=False ✓

[302] 金額=450,700 保險扣除=False ✓

[303] 金額=291,730 保險扣除=False ✓

[304] 金額=100,000 保險扣除=False ✓

[305] 金額=62,285 保險扣除=False ✓

[306] 金額=75,950 保險扣除=False ✓

[307] 金額=64,250 保險扣除=False ✓

[308] 金額=24,140 保險扣除=False ✓

[309] 金額=18,800 保險扣除=False ✓

[310] 金額=39,005 保險扣除=False ✓

[311] 金額=304,310 保險扣除=False ✓

[312] 金額=5,100 保險扣除=False ✓

[313] 金額=32,303 保險扣除=True ✓

[314] 金額=48,000 保險扣除=False ✓

[315] 金額=62,870 保險扣除=False ✓

[316] 金額=369,000 保險扣除=False ✓

[317] 金額=261,150 保險扣除=False ✓

[318] 金額=102,740 保險扣除=False ✓

[319] 金額=34,778 保險扣除=False ✓

[320] 金額=13,722 保險扣除=False ✓

[321] 金額=162,480 保險扣除=False ✓

[322] 金額=150,000 保險扣除=False ✓

[323] 金額=308,190 保險扣除=False ✓

[324] 金額=400,000 保險扣除=False ✓

[325] 金額=732,924 保險扣除=False ✓

[326] 金額=581,500 保險扣除=False ✓

[327] 金額=80,000 保險扣除=False ✓

[328] 金額=340,983 保險扣除=False ✓

[329] 金額=520,800 保險扣除=False ✓

[330] 金額=166,560 保險扣除=False ✓

[331] 金額=115,329 保險扣除=False ✓

[332] 金額=143,819 保險扣除=False ✓

[333] 金額=12,541,312 保險扣除=True ✓

[334] 金額=600,000 保險扣除=False ✓

[335] 金額=119,140 保險扣除=False ✓

[336] 金額=286,867 保險扣除=False ✓

[337] 金額=88,690 保險扣除=False ✓

[338] 金額=50,000 保險扣除=False ✓

[339] 金額=318,608 保險扣除=False ✓

[340] 金額=716,042 保險扣除=True ✓

[341] 金額=1,202,207 保險扣除=False ✓

[342] 金額=305,454 保險扣除=False ✓

[343] 金額=892,850 保險扣除=False ✓

[344] 金額=385,259 保險扣除=False ✓

[345] 金額=1,999,900 保險扣除=False ✓

[346] 金額=529,596 保險扣除=True ✓

[347] 金額=327,489 保險扣除=False ✓

[348] 金額=90,880 保險扣除=False ✓

[349] 金額=230,597 保險扣除=True ✓

[350] 金額=1,159,133 保險扣除=False ✓

[351] 金額=685,470 保險扣除=False ✓

[352] 金額=1,182,455 保險扣除=False ✓

[353] 金額=165,123 保險扣除=False ✓

[354] 金額=86,900 保險扣除=False ✓

[355] 金額=218,910 保險扣除=False ✓

[356] 金額=270,000 保險扣除=False ✓

[357] 金額=469,071 保險扣除=False ✓

[358] 金額=128,524 保險扣除=False ✓

[359] 金額=25,000 保險扣除=False ✓

[360] 金額=97,274 保險扣除=False ✓

[361] 金額=65,933 保險扣除=False ✓

[362] 金額=157,725 保險扣除=False ✓

[363] 金額=65,000 保險扣除=False ✓

[364] 金額=28,000 保險扣除=False ✓

[365] 金額=500,000 保險扣除=False ✓

[366] 金額=85,969 保險扣除=False ✓

[367] 金額=389,510 保險扣除=False ✓

[368] 金額=82,800 保險扣除=False ✓

[369] 金額=410,543 保險扣除=False ✓

[370] 金額=64,000 保險扣除=False ✓

[371] 金額=120,000 保險扣除=False ✓

[372] 金額=412,423 保險扣除=False ✓

[373] 金額=492,943 保險扣除=True ✓

[374] 金額=27,455 保險扣除=False ✓

[375] 金額=41,921 保險扣除=False ✓

[376] 金額=283,844 保險扣除=False ✓

[377] 金額=26,800 保險扣除=False ✓

[378] 金額=83,750 保險扣除=False ✓

[379] 金額=88,000 保險扣除=False ✓

[380] 金額=300,000 保險扣除=False ✓

[381] 金額=263,958 保險扣除=True ✓

[382] 金額=30,000 保險扣除=False ✓

[383] 金額=130,000 保險扣除=False ✓

[384] 金額=58,780 保險扣除=False ✓

[385] 金額=99,000 保險扣除=False ✓

[386] 金額=72,800 保險扣除=False ✓

[387] 金額=149,700 保險扣除=False ✓

[388] 金額=21,588 保險扣除=False ✓

[389] 金額=28,521 保險扣除=False ✓

[390] 金額=212,042 保險扣除=False ✓

[391] 金額=44,214 保險扣除=False ✓

[392] 金額=150,262 保險扣除=False ✓

[393] 金額=150,000 保險扣除=False ✓

[394] 金額=197,880 保險扣除=False ✓

[395] 金額=38,695 保險扣除=False ✓

[396] 金額=52,201 保險扣除=True ✓

[397] 金額=102,800 保險扣除=False ✓

[398] 金額=98,609 保險扣除=False ✓

[399] 金額=632,373 保險扣除=False ✓

[400] 金額=1,024,736 保險扣除=False ✓

[401] 金額=603,695 保險扣除=True ✓

[402] 金額=1,562,245 保險扣除=False ✓

[403] 金額=577,600 保險扣除=False ✓

[404] 金額=490,000 保險扣除=False ✓

[405] 金額=2,832,992 保險扣除=True ✓

[406] 金額=331,383 保險扣除=True ✓

[407] 金額=776,282 保險扣除=False ✓

[408] 金額=189,090 保險扣除=False ✓

[409] 金額=518,701 保險扣除=False ✓

[410] 金額=3,504,585 保險扣除=False ✓

[411] 金額=240,399 保險扣除=False ✓

[412] 金額=1,006,499 保險扣除=True ✓

[413] 金額=2,258,644 保險扣除=True ✓

[414] 金額=501,000 保險扣除=True ✓

[415] 金額=893,100 保險扣除=False ✓

[416] 金額=997,434 保險扣除=False ✓

[417] 金額=735,747 保險扣除=False ✓

[418] 金額=585,096 保險扣除=False ✓

[419] 金額=1,230,435 保險扣除=False ✓

[420] 金額=1,671,085 保險扣除=False ✓

[421] 金額=195,445 保險扣除=False ✓

[422] 金額=10,123,736 保險扣除=True ✓

[423] 金額=711,767 保險扣除=True ✓

[424] 金額=1,947,799 保險扣除=False ✓

[425] 金額=364,785 保險扣除=False ✓

[426] 金額=450,000 保險扣除=False ✓

[427] 金額=2,504,346 保險扣除=False ✓

[428] 金額=1,320,000 保險扣除=False ✓

[429] 金額=600,000 保險扣除=False ✓

[430] 金額=1,012,775 保險扣除=False ✓

[431] 金額=2,301,676 保險扣除=False ✓

[432] 金額=1,841,430 保險扣除=False ✓

[433] 金額=600,000 保險扣除=False ✓

[434] 金額=865,676 保險扣除=False ✓

[435] 金額=200,000 保險扣除=False ✓

[436] 金額=3,258,398 保險扣除=False ✓

[437] 金額=1,202,094 保險扣除=False ✓

[438] 金額=111,290 保險扣除=False ✓

[439] 金額=1,230,344 保險扣除=False ✓

[440] 金額=619,400 保險扣除=False ✓

[441] 金額=591,775 保險扣除=False ✓

[442] 金額=2,023,190 保險扣除=False ✓

[443] 金額=117,846 保險扣除=True ✓

[444] 金額=155,810 保險扣除=False ✓

[445] 金額=291,929 保險扣除=False ✓

[446] 金額=79,000 保險扣除=False ✓

[447] 金額=358,140 保險扣除=False ✓

[448] 金額=200,000 保險扣除=False ✓

[449] 金額=22,912 保險扣除=False ✓

[450] 金額=293,573 保險扣除=False ✓

[451] 金額=150,000 保險扣除=False ✓

[452] 金額=300,000 保險扣除=False ✓

[453] 金額=103,800 保險扣除=False ✓

[454] 金額=40,289 保險扣除=False ✓

[455] 金額=199,999 保險扣除=False ✓

[456] 金額=500,000 保險扣除=False ✓

[457] 金額=228,935 保險扣除=False ✓

[458] 金額=38,500 保險扣除=False ✓

[459] 金額=180,000 保險扣除=False ✓

[460] 金額=141,720 保險扣除=False ✓

[461] 金額=49,949 保險扣除=False ✓

[462] 金額=70,000 保險扣除=False ✓

[463] 金額=160,164 保險扣除=False ✓

[464] 金額=1,519,278 保險扣除=False ✓

[465] 金額=88,042 保險扣除=False ✓

[466] 金額=51,440 保險扣除=False ✓

[467] 金額=212,621 保險扣除=False ✓

[468] 金額=1,092,534 保險扣除=False ✓

[469] 金額=159,489 保險扣除=False ✓

[470] 金額=93,460 保險扣除=False ✓

[471] 金額=330,565 保險扣除=False ✓

[472] 金額=145,936 保險扣除=False ✓

[473] 金額=446,045 保險扣除=False ✓

[474] 金額=35,835 保險扣除=False ✓

[475] 金額=1,004,570 保險扣除=False ✓

[476] 金額=193,309 保險扣除=False ✓

[477] 金額=36,000 保險扣除=False ✓

[478] 金額=555,237 保險扣除=True ✓

[479] 金額=76,060 保險扣除=False ✓

[480] 金額=105,590 保險扣除=False ✓

[481] 金額=995,863 保險扣除=False ✓

[482] 金額=26,190 保險扣除=False ✓

[483] 金額=487,261 保險扣除=False ✓

[484] 金額=251,701 保險扣除=False ✓

[485] 金額=100,000 保險扣除=False ✓

[486] 金額=50,554 保險扣除=False ✓

[487] 金額=303,760 保險扣除=False ✓

[488] 金額=266,000 保險扣除=True ✓

[489] 金額=58,240 保險扣除=False ✓

[490] 金額=11,230 保險扣除=False ✓

[491] 金額=318,220 保險扣除=False ✓

[492] 金額=541,330 保險扣除=True ✓

[493] 金額=602,740 保險扣除=True ✓

[494] 金額=156,094 保險扣除=False ✓

[495] 金額=217,335 保險扣除=False ✓

[496] 金額=149,765 保險扣除=False ✓

[497] 金額=24,110 保險扣除=False ✓

[498] 金額=30,000 保險扣除=False ✓

[499] 金額=7,800 保險扣除=False ✓

[500] 金額=562,813 保險扣除=True ✓

[501] 金額=1,701,875 保險扣除=False ✓

[502] 金額=374,387 保險扣除=False ✓

[503] 金額=220,000 保險扣除=True ✓

[504] 金額=3,441,732 保險扣除=False ✓

[505] 金額=484,099 保險扣除=True ✓

[506] 金額=819,724 保險扣除=True ✓

[507] 金額=800,000 保險扣除=False ✓

[508] 金額=238,700 保險扣除=False ✓

[509] 金額=238,700 保險扣除=False ✓

[510] 金額=238,700 保險扣除=False ✓

[511] 金額=150,800 保險扣除=False ✓

[512] 金額=156,059 保險扣除=False ✓

[513] 金額=199,360 保險扣除=False ✓

[514] 金額=142,073 保險扣除=False ✓

[515] 金額=161,250 保險扣除=False ✓

[516] 金額=119,065 保險扣除=False ✓

[517] 金額=84,395 保險扣除=False ✓

[518] 金額=56,320 保險扣除=False ✓

[519] 金額=180,930 保險扣除=False ✓

[520] 金額=26,466 保險扣除=False ✓

[521] 金額=300,000 保險扣除=False ✓

[522] 金額=31,845 保險扣除=False ✓

[523] 金額=100,478 保險扣除=True ✓

[524] 金額=60,000 保險扣除=False ✓

[525] 金額=368,066 保險扣除=False ✓

[526] 金額=69,304 保險扣除=True ✓

[527] 金額=40,000 保險扣除=False ✓

[528] 金額=32,656 保險扣除=False ✓

[529] 金額=132,700 保險扣除=False ✓

[530] 金額=71,906 保險扣除=False ✓

[531] 金額=41,538 保險扣除=False ✓

[532] 金額=47,747 保險扣除=False ✓

[533] 金額=112,000 保險扣除=False ✓

[534] 金額=3,000 保險扣除=False ✓

[535] 金額=20,000 保險扣除=False ✓

[536] 金額=549,400 保險扣除=False ✓

[537] 金額=80,000 保險扣除=False ✓

[538] 金額=233,540 保險扣除=False ✓

[539] 金額=95,593 保險扣除=False ✓

[540] 金額=140,670 保險扣除=False ✓

[541] 金額=419,000 保險扣除=False ✓

[542] 金額=32,020 保險扣除=False ✓

[543] 金額=204,600 保險扣除=False ✓

[544] 金額=643,700 保險扣除=False ✓

[545] 金額=403,000 保險扣除=True ✓

[546] 金額=7,450 保險扣除=False ✓

[547] 金額=285,073 保險扣除=False ✓

[548] 金額=1,602,305 保險扣除=True ✓

[549] 金額=136,690 保險扣除=True ✓

[550] 金額=293,942 保險扣除=True ✓

[551] 金額=475,915 保險扣除=False ✓

[552] 金額=783,101 保險扣除=True ✓

[553] 金額=1,781,887 保險扣除=False ✓

[554] 金額=148,000 保險扣除=False ✓

[555] 金額=184,458 保險扣除=False ✓

[556] 金額=395,140 保險扣除=False ✓

[557] 金額=127,225 保險扣除=False ✓

[558] 金額=244,950 保險扣除=False ✓

[559] 金額=32,530 保險扣除=False ✓

[560] 金額=150,250 保險扣除=False ✓

[561] 金額=250,700 保險扣除=False ✓

[562] 金額=516,100 保險扣除=False ✓

[563] 金額=407,975 保險扣除=False ✓

[564] 金額=441,445 保險扣除=True ✓

[565] 金額=104,050 保險扣除=False ✓

[566] 金額=444,166 保險扣除=True ✓

[567] 金額=113,110 保險扣除=False ✓

[568] 金額=471,466 保險扣除=True ✓

[569] 金額=312,168 保險扣除=False ✓

[570] 金額=113,030 保險扣除=False ✓

[571] 金額=226,760 保險扣除=False ✓

[572] 金額=5,330,850 保險扣除=True ✓

[573] 金額=353,266 保險扣除=False ✓

[574] 金額=66,560 保險扣除=False ✓

[575] 金額=218,896 保險扣除=False ✓

[576] 金額=4,363,545 保險扣除=True ✓

[577] 金額=109,800 保險扣除=False ✓

[578] 金額=98,920 保險扣除=False ✓

[579] 金額=52,415 保險扣除=False ✓

[580] 金額=322,400 保險扣除=False ✓

[581] 金額=500,000 保險扣除=False ✓

[582] 金額=151,878 保險扣除=False ✓

[583] 金額=83,000 保險扣除=False ✓

[584] 金額=1,839,372 保險扣除=False ✓

[585] 金額=41,072 保險扣除=False ✓

[586] 金額=308,010 保險扣除=False ✓

[587] 金額=4,317 保險扣除=False ✓

[588] 金額=37,950 保險扣除=False ✓

[589] 金額=86,580 保險扣除=False ✓

[590] 金額=17,100 保險扣除=False ✓

[591] 金額=29,000 保險扣除=False ✓

[592] 金額=1,149,837 保險扣除=False ✓

[593] 金額=1,274,000 保險扣除=True ✓

[594] 金額=36,690 保險扣除=False ✓

[595] 金額=259,900 保險扣除=False ✓

[596] 金額=55,300 保險扣除=False ✓

[597] 金額=199,800 保險扣除=False ✓

[598] 金額=200,000 保險扣除=False ✓

[599] 金額=9,850 保險扣除=False ✓

[600] 金額=209,580 保險扣除=False ✓

[601] 金額=85,000 保險扣除=False ✓

[602] 金額=285,899 保險扣除=True ✓

[603] 金額=59,460 保險扣除=False ✓

[604] 金額=19,092 保險扣除=False ✓

[605] 金額=64,256 保險扣除=False ✓

[606] 金額=2,457,413 保險扣除=False ✓

[607] 金額=84,000 保險扣除=False ✓

[608] 金額=166,000 保險扣除=False ✓

[609] 金額=944,310 保險扣除=True ✓

[610] 金額=480,671 保險扣除=False ✓

[611] 金額=296,780 保險扣除=False ✓

[612] 金額=1,546,866 保險扣除=False ✓

[613] 金額=442,940 保險扣除=False ✓

[614] 金額=59,134 保險扣除=True ✓

[615] 金額=77,230 保險扣除=False ✓

[616] 金額=172,000 保險扣除=False ✓

[617] 金額=1,560,706 保險扣除=False ✓

[618] 金額=141,000 保險扣除=False ✓

[619] 金額=716,285 保險扣除=False ✓

[620] 金額=500,000 保險扣除=False ✓

[621] 金額=24,804 保險扣除=False ✓

[622] 金額=1,480,062 保險扣除=True ✓

[623] 金額=593,863 保險扣除=False ✓

[624] 金額=177,350 保險扣除=False ✓

[625] 金額=22,634 保險扣除=False ✓

[626] 金額=60,918 保險扣除=False ✓

[627] 金額=77,672 保險扣除=False ✓

[628] 金額=40,000 保險扣除=False ✓

[629] 金額=382,750 保險扣除=False ✓

[630] 金額=15,901 保險扣除=False ✓

[631] 金額=25,788 保險扣除=False ✓

[632] 金額=200,000 保險扣除=False ✓

[633] 金額=2,776,829 保險扣除=False ✓

[634] 金額=157,305 保險扣除=False ✓

[635] 金額=227,778 保險扣除=False ✓

[636] 金額=123,940 保險扣除=False ✓

[637] 金額=796,068 保險扣除=True ✓

[638] 金額=491,868 保險扣除=False ✓

[639] 金額=49,800 保險扣除=False ✓

[640] 金額=137,400 保險扣除=False ✓

[641] 金額=25,757 保險扣除=False ✓

[642] 金額=65,332 保險扣除=False ✓

[643] 金額=705,032 保險扣除=False ✓

[644] 金額=2,210,425 保險扣除=False ✓

[645] 金額=58,770 保險扣除=False ✓

[646] 金額=84,500 保險扣除=False ✓

[647] 金額=494,230 保險扣除=False ✓

[648] 金額=216,000 保險扣除=True ✓

[649] 金額=75,000 保險扣除=False ✓

[650] 金額=279,282 保險扣除=False ✓

[651] 金額=1,282,700 保險扣除=False ✓

[652] 金額=100,000 保險扣除=False ✓

[653] 金額=70,000 保險扣除=False ✓

[654] 金額=28,000 保險扣除=False ✓

[655] 金額=158,379 保險扣除=False ✓

[656] 金額=86,046 保險扣除=False ✓

[657] 金額=50,000 保險扣除=False ✓

[658] 金額=719,916 保險扣除=False ✓

[659] 金額=116,538 保險扣除=True ✓

[660] 金額=345,700 保險扣除=False ✓

[661] 金額=656,731 保險扣除=False ✓

[662] 金額=547,580 保險扣除=True ✓

[663] 金額=233,479 保險扣除=False ✓

[664] 金額=67,500 保險扣除=False ✓

[665] 金額=771,880 保險扣除=False ✓

[666] 金額=220,200 保險扣除=False ✓

[667] 金額=213,100 保險扣除=False ✓

[668] 金額=20,000 保險扣除=False ✓

[669] 金額=28,200 保險扣除=False ✓

[670] 金額=162,354 保險扣除=False ✓

[671] 金額=149,036 保險扣除=False ✓

[672] 金額=60,000 保險扣除=False ✓

[673] 金額=311,100 保險扣除=False ✓

[674] 金額=82,000 保險扣除=False ✓

[675] 金額=41,263 保險扣除=False ✓

[676] 金額=1,072,368 保險扣除=False ✓

[677] 金額=90,000 保險扣除=False ✓

[678] 金額=376,000 保險扣除=False ✓

[679] 金額=101,000 保險扣除=False ✓

[680] 金額=11,450 保險扣除=False ✓

[681] 金額=49,113 保險扣除=False ✓

[682] 金額=257,257 保險扣除=True ✓

[683] 金額=72,575 保險扣除=False ✓

[684] 金額=134,360 保險扣除=False ✓

[685] 金額=286,362 保險扣除=False ✓

[686] 金額=282,636 保險扣除=False ✓

[687] 金額=461,354 保險扣除=False ✓

[688] 金額=360,000 保險扣除=False ✓

[689] 金額=103,585 保險扣除=False ✓

[690] 金額=220,200 保險扣除=False ✓

[691] 金額=50,000 保險扣除=False ✓

[692] 金額=180,000 保險扣除=False ✓

[693] 金額=45,050 保險扣除=False ✓

[694] 金額=47,123 保險扣除=False ✓

[695] 金額=120,500 保險扣除=False ✓

[696] 金額=171,499 保險扣除=True ✓

[697] 金額=85,880 保險扣除=False ✓

[698] 金額=202,430 保險扣除=False ✓

[699] 金額=347,802 保險扣除=False ✓

[700] 金額=353,200 保險扣除=False ✓

[701] 金額=215,658 保險扣除=False ✓

[702] 金額=108,000 保險扣除=False ✓

[703] 金額=189,948 保險扣除=False ✓

[704] 金額=52,220 保險扣除=False ✓

[705] 金額=184,240 保險扣除=False ✓

[706] 金額=298,286 保險扣除=False ✓

[707] 金額=104,920 保險扣除=False ✓

[708] 金額=664,108 保險扣除=False ✓

[709] 金額=105,889 保險扣除=False ✓

[710] 金額=65,000 保險扣除=False ✓

[711] 金額=263,650 保險扣除=False ✓

[712] 金額=100,000 保險扣除=False ✓

[713] 金額=178,050 保險扣除=False ✓

[714] 金額=187,433 保險扣除=False ✓

[715] 金額=513,318 保險扣除=True ✓

[716] 金額=135,355 保險扣除=False ✓

[717] 金額=3,642,075 保險扣除=False ✓

[718] 金額=113,552 保險扣除=False ✓

[719] 金額=10,000 保險扣除=False ✓

[720] 金額=274,975 保險扣除=False ✓

[721] 金額=458,191 保險扣除=False ✓

[722] 金額=471,977 保險扣除=False ✓

[723] 金額=602,950 保險扣除=False ✓

[724] 金額=815,542 保險扣除=False ✓

[725] 金額=118,378 保險扣除=False ✓

[726] 金額=157,642 保險扣除=False ✓

[727] 金額=640,920 保險扣除=False ✓

[728] 金額=339,185 保險扣除=False ✓

[729] 金額=2,181,850 保險扣除=False ✓

[730] 金額=3,373,204 保險扣除=False ✓

[731] 金額=240,716 保險扣除=True ✓

[732] 金額=220,000 保險扣除=False ✓

[733] 金額=1,210,430 保險扣除=False ✓

[734] 金額=395,999 保險扣除=False ✓

[735] 金額=7,252,437 保險扣除=False ✓

[736] 金額=308,450 保險扣除=False ✓

[737] 金額=514,259 保險扣除=False ✓

[738] 金額=86,781 保險扣除=False ✓

[739] 金額=203,000 保險扣除=False ✓

[740] 金額=184,500 保險扣除=False ✓

[741] 金額=65,045 保險扣除=False ✓

[742] 金額=400,000 保險扣除=False ✓

[743] 金額=412,958 保險扣除=False ✓

[744] 金額=170,762 保險扣除=False ✓

[745] 金額=58,617 保險扣除=False ✓

[746] 金額=63,006 保險扣除=False ✓

[747] 金額=202,793 保險扣除=False ✓

[748] 金額=121,899 保險扣除=False ✓

[749] 金額=2,882,217 保險扣除=False ✓

[750] 金額=218,367 保險扣除=True ✓

[751] 金額=302,959 保險扣除=False ✓

[752] 金額=30,945 保險扣除=False ✓

[753] 金額=95,683 保險扣除=False ✓

[754] 金額=71,420 保險扣除=False ✓

[755] 金額=9,000 保險扣除=False ✓

[756] 金額=315,007 保險扣除=False ✓

[757] 金額=122,441 保險扣除=False ✓

[758] 金額=120,000 保險扣除=False ✓

[759] 金額=82,965 保險扣除=False ✓

[760] 金額=43,269 保險扣除=False ✓

[761] 金額=40,000 保險扣除=False ✓

[762] 金額=260,278 保險扣除=False ✓

[763] 金額=251,527 保險扣除=False ✓

[764] 金額=647,213 保險扣除=False ✓

[765] 金額=113,018 保險扣除=False ✓

[766] 金額=90,000 保險扣除=False ✓

[767] 金額=160,360 保險扣除=False ✓

[768] 金額=30,750 保險扣除=False ✓

[769] 金額=215,996 保險扣除=False ✓

[770] 金額=423,141 保險扣除=False ✓

[771] 金額=564,253 保險扣除=False ✓

[772] 金額=640,218 保險扣除=False ✓

[773] 金額=1,713,887 保險扣除=True ✓

[774] 金額=1,105,252 保險扣除=False ✓

[775] 金額=824,205 保險扣除=True ✓

[776] 金額=616,122 保險扣除=False ✓

[777] 金額=221,580 保險扣除=False ✓

[778] 金額=615,930 保險扣除=False ✓

[779] 金額=1,907,371 保險扣除=False ✓

[780] 金額=165,716 保險扣除=False ✓

[781] 金額=531,691 保險扣除=False ✓

[782] 金額=601,700 保險扣除=False ✓

[783] 金額=4,175,668 保險扣除=False ✓

[784] 金額=558,980 保險扣除=False ✓

[785] 金額=2,681,792 保險扣除=False ✓

[786] 金額=1,186,115 保險扣除=False ✓

[787] 金額=2,159,957 保險扣除=True ✓

[788] 金額=4,870,022 保險扣除=True ✓

[789] 金額=19,823,705 保險扣除=False ✓

[790] 金額=5,749,749 保險扣除=False ✓

[791] 金額=284,003 保險扣除=False ✓

[792] 金額=136,580 保險扣除=False ✓

[793] 金額=39,035 保險扣除=False ✓

[794] 金額=18,860 保險扣除=False ✓

[795] 金額=30,000 保險扣除=False ✓

[796] 金額=67,550 保險扣除=False ✓

[797] 金額=462,845 保險扣除=False ✓

[798] 金額=75,834 保險扣除=False ✓

[799] 金額=110,109 保險扣除=False ✓

[800] 金額=194,862 保險扣除=False ✓

[801] 金額=129,076 保險扣除=False ✓

[802] 金額=167,696 保險扣除=False ✓

[803] 金額=116,930 保險扣除=False ✓

[804] 金額=500,000 保險扣除=False ✓

[805] 金額=755,654 保險扣除=False ✓

[806] 金額=145,710 保險扣除=False ✓

[807] 金額=193,577 保險扣除=True ✓

[808] 金額=41,690 保險扣除=False ✓

[809] 金額=60,000 保險扣除=False ✓

[810] 金額=614,281 保險扣除=False ✓

[811] 金額=115,000 保險扣除=False ✓

[812] 金額=369,669 保險扣除=True ✓

[813] 金額=385,605 保險扣除=False ✓

[814] 金額=160,000 保險扣除=False ✓

[815] 金額=200,000 保險扣除=False ✓

[816] 金額=69,500 保險扣除=False ✓

[817] 金額=10,859 保險扣除=False ✓

[818] 金額=10,859 保險扣除=False ✓

[819] 金額=29,800 保險扣除=False ✓

[820] 金額=175,850 保險扣除=False ✓

[821] 金額=41,242 保險扣除=False ✓

[822] 金額=50,000 保險扣除=False ✓

[823] 金額=19,938 保險扣除=False ✓

[824] 金額=1,233,722 保險扣除=True ✓

[825] 金額=300,000 保險扣除=False ✓

[826] 金額=199,126 保險扣除=True ✓

[827] 金額=1,903,768 保險扣除=False ✓

[828] 金額=197,070 保險扣除=False ✓

[829] 金額=439,127 保險扣除=False ✓

[830] 金額=149,083 保險扣除=False ✓

[831] 金額=150,000 保險扣除=False ✓

[832] 金額=31,120 保險扣除=False ✓

[833] 金額=23,621 保險扣除=False ✓

[834] 金額=6,412,017 保險扣除=False ✓

[835] 金額=7,224,447 保險扣除=False ✓

[836] 金額=893,942 保險扣除=False ✓

[837] 金額=2,826,913 保險扣除=False ✓

[838] 金額=562,410 保險扣除=False ✓

[839] 金額=268,546 保險扣除=False ✓

[840] 金額=375,990 保險扣除=False ✓

[841] 金額=4,555,672 保險扣除=False ✓

[842] 金額=576,632 保險扣除=False ✓

[843] 金額=4,205,020 保險扣除=False ✓

[844] 金額=1,002,500 保險扣除=False ✓

[845] 金額=428,637 保險扣除=False ✓

[846] 金額=270,000 保險扣除=False ✓

[847] 金額=1,266,074 保險扣除=False ✓

[848] 金額=136,023 保險扣除=True ✓

[849] 金額=517,729 保險扣除=True ✓

[850] 金額=510,250 保險扣除=False ✓

[851] 金額=1,686,858 保險扣除=False ✓

[852] 金額=326,775 保險扣除=False ✓

[853] 金額=545,741 保險扣除=False ✓

[854] 金額=951,226 保險扣除=False ✓

[855] 金額=111,710 保險扣除=False ✓

[856] 金額=438,958 保險扣除=False ✓

[857] 金額=255,886 保險扣除=False ✓

[858] 金額=579,620 保險扣除=False ✓

[859] 金額=200,175 保險扣除=False ✓

[860] 金額=93,530 保險扣除=False ✓

[861] 金額=194,290 保險扣除=False ✓

[862] 金額=89,750 保險扣除=False ✓

[863] 金額=833,251 保險扣除=False ✓

[864] 金額=17,700 保險扣除=False ✓

[865] 金額=590,745 保險扣除=False ✓

[866] 金額=250,659 保險扣除=False ✓

[867] 金額=824,100 保險扣除=False ✓

[868] 金額=688,909 保險扣除=True ✓

[869] 金額=583,551 保險扣除=False ✓

[870] 金額=1,108,663 保險扣除=False ✓

[871] 金額=828,550 保險扣除=False ✓

[872] 金額=4,259,324 保險扣除=False ✓

[873] 金額=648,968 保險扣除=False ✓

[874] 金額=2,995,810 保險扣除=False ✓

[875] 金額=36,000 保險扣除=False ✓

[876] 金額=601,960 保險扣除=False ✓

[877] 金額=751,567 保險扣除=False ✓

[878] 金額=700,000 保險扣除=True ✓

[879] 金額=380,000 保險扣除=False ✓

[880] 金額=1,024,530 保險扣除=False ✓

[881] 金額=3,515,250 保險扣除=False ✓

[882] 金額=349,915 保險扣除=False ✓

[883] 金額=183,215 保險扣除=True ✓

[884] 金額=579,220 保險扣除=False ✓

[885] 金額=1,314,930 保險扣除=False ✓

[886] 金額=767,000 保險扣除=False ✓

[887] 金額=380,930 保險扣除=True ✓

[888] 金額=474,791 保險扣除=False ✓

[889] 金額=11,172,372 保險扣除=False ✓

[890] 金額=3,945,138 保險扣除=True ✓

[891] 金額=374,124 保險扣除=True ✓

[892] 金額=3,351,573 保險扣除=True ✓

[893] 金額=2,199,657 保險扣除=False ✓

[894] 金額=1,297,078 保險扣除=False ✓

[895] 金額=1,442,102 保險扣除=False ✓

[896] 金額=730,000 保險扣除=False ✓

[897] 金額=521,344 保險扣除=False ✓

[898] 金額=900,000 保險扣除=False ✓

[899] 金額=1,085,938 保險扣除=False ✓

[900] 金額=103,700 保險扣除=False ✓

[901] 金額=431,400 保險扣除=False ✓

[902] 金額=378,387 保險扣除=False ✓

[903] 金額=748,763 保險扣除=False ✓

[904] 金額=619,942 保險扣除=False ✓

[905] 金額=9,479,271 保險扣除=False ✓

[906] 金額=14,136,340 保險扣除=True ✓

[907] 金額=302,996 保險扣除=False ✓

[908] 金額=668,552 保險扣除=False ✓

[909] 金額=2,507,537 保險扣除=False ✓

[910] 金額=1,326,008 保險扣除=False ✓

[911] 金額=242,936 保險扣除=False ✓

[912] 金額=1,098,000 保險扣除=True ✓

[913] 金額=183,687 保險扣除=False ✓

[914] 金額=4,092,067 保險扣除=True ✓

[915] 金額=278,400 保險扣除=False ✓

[916] 金額=308,243 保險扣除=False ✓

[917] 金額=930,600 保險扣除=True ✓

[918] 金額=1,051,645 保險扣除=False ✓

[919] 金額=600,000 保險扣除=False ✓

[920] 金額=849,200 保險扣除=True ✓

[921] 金額=559,280 保險扣除=False ✓

[922] 金額=700,000 保險扣除=True ✓

[923] 金額=406,330 保險扣除=False ✓

[924] 金額=1,656,000 保險扣除=False ✓

[925] 金額=1,253,652 保險扣除=False ✓

[926] 金額=431,160 保險扣除=False ✓

[927] 金額=535,286 保險扣除=False ✓

[928] 金額=6,523,592 保險扣除=False ✓

[929] 金額=1,054,214 保險扣除=True ✓

[930] 金額=1,057,794 保險扣除=False ✓

[931] 金額=285,542 保險扣除=False ✓

[932] 金額=563,795 保險扣除=False ✓

[933] 金額=100,000 保險扣除=False ✓

[934] 金額=17,260 保險扣除=False ✓

[935] 金額=100,000 保險扣除=False ✓

[936] 金額=331,840 保險扣除=True ✓

[937] 金額=177,990 保險扣除=False ✓

[938] 金額=365,949 保險扣除=False ✓

[939] 金額=420,000 保險扣除=False ✓

[940] 金額=80,000 保險扣除=False ✓

[941] 金額=28,380 保險扣除=False ✓

[942] 金額=29,076 保險扣除=False ✓

[943] 金額=399,322 保險扣除=False ✓

[944] 金額=92,087 保險扣除=False ✓

[945] 金額=332,480 保險扣除=False ✓

[946] 金額=104,100 保險扣除=False ✓

[947] 金額=62,400 保險扣除=False ✓

[948] 金額=40,429 保險扣除=False ✓

[949] 金額=111,077 保險扣除=False ✓

[950] 金額=182,150 保險扣除=False ✓

[951] 金額=111,110 保險扣除=False ✓

[952] 金額=20,000 保險扣除=False ✓

[953] 金額=188,146 保險扣除=False ✓

[954] 金額=192,521 保險扣除=False ✓

[955] 金額=65,840 保險扣除=False ✓

[956] 金額=41,165 保險扣除=False ✓

[957] 金額=340,846 保險扣除=False ✓

[958] 金額=205,880 保險扣除=False ✓

[959] 金額=250,500 保險扣除=False ✓

[960] 金額=140,000 保險扣除=False ✓

[961] 金額=199,667 保險扣除=False ✓

[962] 金額=156,720 保險扣除=False ✓

[963] 金額=421,467 保險扣除=False ✓

[964] 金額=624,000 保險扣除=False ✓

[965] 金額=39,136 保險扣除=False ✓

[966] 金額=290,000 保險扣除=False ✓

[967] 金額=307,207 保險扣除=False ✓

[968] 金額=308,311 保險扣除=False ✓

[969] 金額=300,000 保險扣除=False ✓

[970] 金額=97,976 保險扣除=False ✓

[971] 金額=49,980 保險扣除=False ✓

[972] 金額=376,694 保險扣除=False ✓

[973] 金額=451,365 保險扣除=False ✓

[974] 金額=350,000 保險扣除=False ✓

[975] 金額=60,591 保險扣除=False ✓

[976]   [Comp 解析失敗] invalid literal for int() with base 10: '3274.8' | ```json
{"total_plaintiff_amount": 3274.8, "has_insurance_deduction": false}
```
金額=0 保險扣除=False ✓

[977] 金額=189,744 保險扣除=True ✓

[978] 金額=215,859 保險扣除=False ✓

[979] 金額=582,765 保險扣除=False ✓

[980] 金額=195,471 保險扣除=False ✓

[981] 金額=333,815 保險扣除=True ✓

[982] 金額=368,632 保險扣除=True ✓

[983] 金額=674,169 保險扣除=False ✓

[984] 金額=2,891,119 保險扣除=False ✓

[985] 金額=4,766,907 保險扣除=False ✓

[986] 金額=445,888 保險扣除=False ✓

[987] 金額=677,638 保險扣除=True ✓

[988] 金額=218,000 保險扣除=True ✓

[989] 金額=69,060 保險扣除=True ✓

[990] 金額=488,407 保險扣除=True ✓

[991] 金額=962,563 保險扣除=False ✓

[992] 金額=1,347,415 保險扣除=True ✓

[993] 金額=346,189 保險扣除=True ✓

[994] 金額=706,350 保險扣除=False ✓

[995] 金額=93,440 保險扣除=False ✓

[996] 金額=198,560 保險扣除=False ✓

[997] 金額=86,393 保險扣除=True ✓

[998] 金額=42,930 保險扣除=False ✓

[999] 金額=373,212 保險扣除=False ✓

[1000] 金額=1,115,650 保險扣除=False ✓

[1001] 金額=193,922 保險扣除=False ✓

[1002] 金額=676,388 保險扣除=True ✓

[1003] 金額=1,105,205 保險扣除=False ✓

[1004] 金額=637,107 保險扣除=True ✓

[1005] 金額=113,096 保險扣除=False ✓

[1006] 金額=125,800 保險扣除=False ✓

[1007] 金額=140,061 保險扣除=False ✓

[1008] 金額=745,895 保險扣除=False ✓

[1009] 金額=153,382 保險扣除=True ✓

[1010] 金額=408,000 保險扣除=False ✓

[1011] 金額=1,200,000 保險扣除=False ✓

[1012] 金額=128,770 保險扣除=False ✓

[1013] 金額=140,000 保險扣除=False ✓

[1014] 金額=544,516 保險扣除=False ✓

[1015] 金額=114,581 保險扣除=False ✓

[1016] 金額=733,127 保險扣除=False ✓

[1017] 金額=18,080 保險扣除=False ✓

[1018] 金額=200,000 保險扣除=False ✓

[1019] 金額=301,697 保險扣除=True ✓

[1020] 金額=123,230 保險扣除=False ✓

[1021] 金額=658,827 保險扣除=False ✓

[1022] 金額=24,460 保險扣除=False ✓

[1023] 金額=159,100 保險扣除=False ✓

[1024] 金額=79,550 保險扣除=False ✓

[1025] 金額=15,000 保險扣除=False ✓

[1026] 金額=63,055 保險扣除=False ✓

[1027] 金額=220,000 保險扣除=False ✓

[1028] 金額=191,463 保險扣除=False ✓

[1029] 金額=23,402 保險扣除=False ✓

[1030] 金額=199,570 保險扣除=False ✓

[1031] 金額=290,430 保險扣除=False ✓

[1032] 金額=318,420 保險扣除=False ✓

[1033] 金額=356,336 保險扣除=False ✓

[1034] 金額=74,560 保險扣除=False ✓

[1035] 金額=163,130 保險扣除=False ✓

[1036] 金額=20,660 保險扣除=False ✓

[1037] 金額=272,461 保險扣除=False ✓

[1038] 金額=72,870 保險扣除=False ✓

[1039] 金額=186,271 保險扣除=False ✓

[1040] 金額=401,968 保險扣除=False ✓

[1041] 金額=242,550 保險扣除=False ✓

[1042] 金額=429,732 保險扣除=False ✓

[1043] 金額=163,965 保險扣除=False ✓

[1044] 金額=237,484 保險扣除=False ✓

[1045] 金額=99,386 保險扣除=False ✓

[1046] 金額=436,230 保險扣除=False ✓

[1047] 金額=50,000 保險扣除=False ✓

[1048] 金額=354,000 保險扣除=False ✓

[1049] 金額=60,840 保險扣除=False ✓

[1050] 金額=315,947 保險扣除=True ✓

[1051] 金額=1,069,690 保險扣除=True ✓

[1052] 金額=396,405 保險扣除=False ✓

[1053] 金額=976,120 保險扣除=False ✓

[1054] 金額=373,063 保險扣除=False ✓

[1055] 金額=343,620 保險扣除=True ✓

[1056] 金額=3,701,704 保險扣除=False ✓

[1057] 金額=153,200 保險扣除=True ✓

[1058] 金額=2,555,159 保險扣除=False ✓

[1059] 金額=383,344 保險扣除=False ✓

[1060] 金額=118,825 保險扣除=True ✓

[1061] 金額=194,787 保險扣除=True ✓

[1062] 金額=451,660 保險扣除=False ✓

[1063] 金額=1,512,983 保險扣除=False ✓

[1064] 金額=334,560 保險扣除=False ✓

[1065] 金額=1,234,904 保險扣除=False ✓

[1066] 金額=1,663,470 保險扣除=True ✓

[1067] 金額=423,025 保險扣除=False ✓

[1068] 金額=5,646,721 保險扣除=True ✓

[1069] 金額=370,193 保險扣除=False ✓

[1070] 金額=631,550 保險扣除=False ✓

[1071] 金額=17,630 保險扣除=False ✓

[1072] 金額=90,038 保險扣除=False ✓

[1073] 金額=1,875,708 保險扣除=False ✓

[1074] 金額=518,614 保險扣除=False ✓

[1075] 金額=169,552 保險扣除=False ✓

[1076] 金額=103,395 保險扣除=False ✓

[1077] 金額=82,170 保險扣除=False ✓

[1078] 金額=705,730 保險扣除=False ✓

[1079] 金額=208,880 保險扣除=False ✓

[1080] 金額=95,187 保險扣除=False ✓

[1081] 金額=96,150 保險扣除=False ✓

[1082] 金額=357,490 保險扣除=False ✓

[1083] 金額=894,846 保險扣除=False ✓

[1084] 金額=536,555 保險扣除=False ✓

[1085] 金額=261,738 保險扣除=False ✓

[1086] 金額=134,888 保險扣除=True ✓

[1087] 金額=361,699 保險扣除=False ✓

[1088] 金額=63,110 保險扣除=False ✓

[1089] 金額=96,952 保險扣除=False ✓

[1090] 金額=400,000 保險扣除=False ✓

[1091] 金額=70,000 保險扣除=True ✓

[1092] 金額=106,800 保險扣除=False ✓

[1093] 金額=225,120 保險扣除=False ✓

[1094] 金額=337,477 保險扣除=False ✓

[1095] 金額=286,010 保險扣除=False ✓

[1096] 金額=247,877 保險扣除=False ✓

[1097] 金額=159,968 保險扣除=False ✓

[1098] 金額=52,750 保險扣除=True ✓

[1099] 金額=156,810 保險扣除=False ✓

[1100] 金額=51,249 保險扣除=False ✓

[1101] 金額=408,734 保險扣除=False ✓

[1102] 金額=717,670 保險扣除=False ✓

[1103] 金額=76,980 保險扣除=False ✓

[1104] 金額=29,206 保險扣除=False ✓

[1105] 金額=58,000 保險扣除=False ✓

[1106] 金額=14,812 保險扣除=False ✓

[1107] 金額=66,880 保險扣除=False ✓

[1108] 金額=152,800 保險扣除=False ✓

[1109] 金額=124,185 保險扣除=False ✓

[1110] 金額=208,250 保險扣除=False ✓

[1111] 金額=831,707 保險扣除=False ✓

[1112] 金額=231,966 保險扣除=True ✓

[1113] 金額=962,537 保險扣除=True ✓

[1114] 金額=50,380 保險扣除=False ✓

[1115] 金額=752,045 保險扣除=False ✓

[1116] 金額=231,600 保險扣除=False ✓

[1117] 金額=58,329 保險扣除=False ✓

[1118] 金額=1,000,000 保險扣除=False ✓

[1119] 金額=3,274,317 保險扣除=False ✓

[1120] 金額=46,574 保險扣除=True ✓

[1121] 金額=461,591 保險扣除=True ✓

[1122] 金額=32,041 保險扣除=False ✓

[1123] 金額=20,300 保險扣除=False ✓

[1124] 金額=42,550 保險扣除=False ✓

[1125] 金額=1,180,197 保險扣除=False ✓

[1126] 金額=43,940 保險扣除=False ✓

[1127] 金額=541,731 保險扣除=False ✓

[1128] 金額=200,000 保險扣除=False ✓

[1129] 金額=139,000 保險扣除=True ✓

[1130] 金額=390,621 保險扣除=False ✓

[1131] 金額=435,005 保險扣除=True ✓

[1132] 金額=36,113 保險扣除=False ✓

[1133] 金額=265,090 保險扣除=True ✓

[1134] 金額=55,200 保險扣除=False ✓

[1135] 金額=56,646 保險扣除=False ✓

[1136] 金額=383,860 保險扣除=False ✓

[1137] 金額=4,251,765 保險扣除=True ✓

[1138] 金額=584,161 保險扣除=True ✓

[1139] 金額=29,966 保險扣除=False ✓

[1140] 金額=85,000 保險扣除=False ✓

[1141] 金額=26,400 保險扣除=True ✓

[1142] 金額=311,600 保險扣除=False ✓

[1143] 金額=536,679 保險扣除=False ✓

[1144] 金額=260,030 保險扣除=False ✓

[1145] 金額=201,479 保險扣除=False ✓

[1146] 金額=1,664,574 保險扣除=False ✓

[1147] 金額=761,775 保險扣除=True ✓

[1148] 金額=105,540 保險扣除=False ✓

[1149] 金額=89,899 保險扣除=False ✓

[1150] 金額=359,982 保險扣除=False ✓

[1151] 金額=32,784 保險扣除=False ✓

[1152] 金額=31,398 保險扣除=False ✓

[1153] 金額=204,878 保險扣除=False ✓

[1154] 金額=51,019 保險扣除=False ✓

[1155] 金額=441,809 保險扣除=True ✓

[1156] 金額=356,821 保險扣除=False ✓

[1157] 金額=467,250 保險扣除=False ✓

[1158] 金額=113,002 保險扣除=False ✓

[1159] 金額=373,500 保險扣除=True ✓

[1160] 金額=136,960 保險扣除=False ✓

[1161] 金額=21,672 保險扣除=False ✓

[1162] 金額=93,200 保險扣除=False ✓

[1163] 金額=145,000 保險扣除=False ✓

[1164] 金額=132,010 保險扣除=True ✓

[1165] 金額=45,799 保險扣除=False ✓

[1166] 金額=232,447 保險扣除=False ✓

[1167] 金額=397,000 保險扣除=False ✓

[1168] 金額=404,065 保險扣除=False ✓

[1169] 金額=319,356 保險扣除=False ✓

[1170] 金額=26,200 保險扣除=False ✓

[1171] 金額=227,827 保險扣除=True ✓

[1172] 金額=66,000 保險扣除=False ✓

[1173] 金額=937,271 保險扣除=True ✓

[1174] 金額=150,000 保險扣除=False ✓

[1175] 金額=939,156 保險扣除=False ✓

[1176] 金額=305,520 保險扣除=False ✓

[1177] 金額=753,940 保險扣除=False ✓

[1178] 金額=200,000 保險扣除=False ✓

[1179] 金額=28,588 保險扣除=False ✓

[1180] 金額=131,910 保險扣除=False ✓

[1181] 金額=3,334,801 保險扣除=True ✓

[1182] 金額=22,450 保險扣除=False ✓

[1183] 金額=665,601 保險扣除=False ✓

[1184] 金額=148,820 保險扣除=True ✓

[1185] 金額=608,131 保險扣除=False ✓

[1186] 金額=327,908 保險扣除=False ✓

[1187] 金額=940,000 保險扣除=False ✓

[1188] 金額=516,950 保險扣除=True ✓

[1189] 金額=281,188 保險扣除=False ✓

[1190] 金額=424,437 保險扣除=False ✓

[1191] 金額=75,252 保險扣除=True ✓

[1192] 金額=464,769 保險扣除=True ✓

[1193] 金額=105,883 保險扣除=False ✓

[1194] 金額=200,000 保險扣除=False ✓

[1195] 金額=11,531 保險扣除=False ✓

[1196] 金額=35,828 保險扣除=False ✓

[1197] 金額=301,330 保險扣除=False ✓

[1198] 金額=230,467 保險扣除=True ✓

[1199] 金額=20,000 保險扣除=False ✓

[1200] 金額=8,177,089 保險扣除=True ✓

[1201] 金額=4,000,000 保險扣除=False ✓

[1202] 金額=97,421 保險扣除=False ✓

[1203] 金額=97,577 保險扣除=True ✓

[1204] 金額=467,038 保險扣除=False ✓

[1205] 金額=138,081 保險扣除=False ✓

[1206] 金額=600,000 保險扣除=False ✓

[1207] 金額=57,165 保險扣除=True ✓

[1208] 金額=157,800 保險扣除=False ✓

[1209] 金額=4,801,666 保險扣除=False ✓

[1210] 金額=180,090 保險扣除=False ✓

[1211] 金額=124,910 保險扣除=False ✓

[1212] 金額=43,341 保險扣除=True ✓

[1213] 金額=153,291 保險扣除=False ✓

[1214] 金額=141,808 保險扣除=False ✓

[1215] 金額=450,764 保險扣除=False ✓

[1216] 金額=9,599,940 保險扣除=False ✓

[1217] 金額=55,182 保險扣除=False ✓

[1218] 金額=113,673 保險扣除=False ✓

[1219] 金額=20,808 保險扣除=True ✓

[1220] 金額=85,140 保險扣除=False ✓

[1221] 金額=977,536 保險扣除=True ✓

[1222] 金額=269,445 保險扣除=False ✓

[1223] 金額=198,429 保險扣除=False ✓

[1224] 金額=25,480 保險扣除=False ✓

[1225] 金額=19,200 保險扣除=False ✓

[1226] 金額=430,954 保險扣除=False ✓

[1227] 金額=30,000 保險扣除=False ✓

[1228] 金額=550,000 保險扣除=False ✓

[1229] 金額=120,000 保險扣除=False ✓

[1230] 金額=174,106 保險扣除=False ✓

[1231] 金額=36,123 保險扣除=False ✓

[1232] 金額=601,361 保險扣除=True ✓

[1233] 金額=67,584 保險扣除=False ✓

[1234] 金額=113,500 保險扣除=False ✓

[1235] 金額=1,000,000 保險扣除=False ✓

[1236] 金額=397,470 保險扣除=False ✓

[1237] 金額=3,048,728 保險扣除=False ✓

[1238] 金額=2,507,722 保險扣除=False ✓

[1239] 金額=149,227 保險扣除=False ✓

[1240] 金額=568,283 保險扣除=False ✓

[1241] 金額=5,780,000 保險扣除=False ✓

[1242] 金額=250,450 保險扣除=False ✓

[1243] 金額=1,041,908 保險扣除=True ✓

[1244] 金額=38,441 保險扣除=False ✓

[1245] 金額=396,530 保險扣除=True ✓

[1246] 金額=209,180 保險扣除=False ✓

[1247] 金額=368,654 保險扣除=False ✓

[1248] 金額=38,885 保險扣除=False ✓

[1249] 金額=566,050 保險扣除=True ✓

[1250] 金額=235,822 保險扣除=False ✓

[1251] 金額=460,000 保險扣除=False ✓

[1252] 金額=54,000 保險扣除=False ✓

[1253] 金額=66,430 保險扣除=False ✓

[1254] 金額=520,000 保險扣除=False ✓

[1255] 金額=251,500 保險扣除=False ✓

[1256] 金額=66,005 保險扣除=False ✓

[1257] 金額=727,300 保險扣除=False ✓

[1258] 金額=100,000 保險扣除=False ✓

[1259] 金額=314,040 保險扣除=True ✓

[1260] 金額=7,059,445 保險扣除=False ✓

[1261] 金額=405,476 保險扣除=True ✓

[1262] 金額=425,699 保險扣除=False ✓

[1263] 金額=261,779 保險扣除=False ✓

[1264] 金額=2,210,905 保險扣除=False ✓

[1265] 金額=107,750 保險扣除=False ✓

[1266] 金額=98,798 保險扣除=True ✓

[1267] 金額=35,000 保險扣除=False ✓

[1268] 金額=170,371 保險扣除=False ✓

[1269] 金額=219,603 保險扣除=False ✓

[1270] 金額=1,865,435 保險扣除=False ✓

[1271] 金額=211,070 保險扣除=False ✓

[1272] 金額=460,308 保險扣除=True ✓

[1273] 金額=284,538 保險扣除=False ✓

[1274] 金額=12,700 保險扣除=False ✓

[1275] 金額=209,200 保險扣除=False ✓

[1276] 金額=62,534 保險扣除=False ✓

[1277] 金額=105,275 保險扣除=False ✓

[1278] 金額=55,397 保險扣除=False ✓

[1279] 金額=5,620 保險扣除=False ✓

[1280] 金額=268,999 保險扣除=False ✓

[1281] 金額=544,553 保險扣除=False ✓

[1282] 金額=100,570 保險扣除=False ✓

[1283] 金額=416,506 保險扣除=False ✓

[1284] 金額=331,270 保險扣除=False ✓

[1285] 金額=32,100 保險扣除=False ✓

[1286] 金額=632,915 保險扣除=False ✓

[1287] 金額=363,652 保險扣除=False ✓

[1288] 金額=88,169 保險扣除=True ✓

[1289] 金額=125,730 保險扣除=False ✓

[1290] 金額=240,008 保險扣除=False ✓

[1291] 金額=141,200 保險扣除=False ✓

[1292] 金額=110,850 保險扣除=False ✓

[1293] 金額=55,000 保險扣除=False ✓

[1294] 金額=103,240 保險扣除=False ✓

[1295] 金額=666,621 保險扣除=False ✓

[1296] 金額=636,030 保險扣除=False ✓

[1297] 金額=18,000 保險扣除=False ✓

[1298] 金額=285,942 保險扣除=False ✓

[1299] 金額=92,468 保險扣除=False ✓

[1300] 金額=41,152 保險扣除=False ✓

[1301] 金額=863,428 保險扣除=False ✓

[1302] 金額=150,000 保險扣除=False ✓

[1303] 金額=194,459 保險扣除=True ✓

[1304] 金額=398,977 保險扣除=True ✓

[1305] 金額=325,305 保險扣除=True ✓

[1306] 金額=891,375 保險扣除=True ✓

[1307] 金額=190,000 保險扣除=False ✓

[1308] 金額=301,117 保險扣除=False ✓

[1309] 金額=300,000 保險扣除=False ✓

[1310] 金額=415,944 保險扣除=False ✓

[1311] 金額=61,411 保險扣除=False ✓

[1312] 金額=96,876 保險扣除=False ✓

[1313] 金額=1,051,270 保險扣除=False ✓

[1314] 金額=81,140 保險扣除=False ✓

[1315] 金額=273,496 保險扣除=False ✓

[1316] 金額=305,171 保險扣除=True ✓

[1317] 金額=494,402 保險扣除=False ✓

[1318] 金額=77,855 保險扣除=False ✓

[1319] 金額=180,000 保險扣除=False ✓

[1320] 金額=215,320 保險扣除=True ✓

[1321] 金額=200,000 保險扣除=False ✓

[1322] 金額=232,880 保險扣除=False ✓

[1323] 金額=391,040 保險扣除=True ✓

[1324] 金額=105,990 保險扣除=False ✓

[1325] 金額=169,057 保險扣除=False ✓

[1326] 金額=160,354 保險扣除=True ✓

[1327] 金額=99,581 保險扣除=False ✓

[1328] 金額=310,929 保險扣除=False ✓

[1329] 金額=158,859 保險扣除=True ✓

[1330] 金額=80,247 保險扣除=False ✓

[1331] 金額=617,885 保險扣除=True ✓

[1332] 金額=554,000 保險扣除=False ✓

[1333] 金額=174,512 保險扣除=False ✓

[1334] 金額=628,307 保險扣除=True ✓

[1335] 金額=2,254,090 保險扣除=True ✓

[1336] 金額=267,602 保險扣除=False ✓

[1337] 金額=218,890 保險扣除=False ✓

[1338] 金額=119,105 保險扣除=False ✓

[1339] 金額=338,112 保險扣除=False ✓

[1340] 金額=860,000 保險扣除=False ✓

[1341] 金額=473,390 保險扣除=False ✓

[1342] 金額=533,355 保險扣除=False ✓

[1343] 金額=854,600 保險扣除=False ✓

[1344] 金額=1,189,682 保險扣除=True ✓

[1345] 金額=30,060 保險扣除=False ✓

[1346] 金額=399,454 保險扣除=True ✓

[1347] 金額=66,330 保險扣除=False ✓

[1348] 金額=467,888 保險扣除=False ✓

[1349] 金額=58,458 保險扣除=False ✓

[1350] 金額=638,265 保險扣除=True ✓

[1351] 金額=614,079 保險扣除=False ✓

[1352] 金額=386,220 保險扣除=False ✓

[1353] 金額=36,000 保險扣除=False ✓

[1354] 金額=170,145 保險扣除=False ✓

[1355] 金額=317,064 保險扣除=False ✓

[1356] 金額=80,161 保險扣除=False ✓

[1357] 金額=56,680 保險扣除=False ✓

[1358] 金額=92,024 保險扣除=False ✓

[1359] 金額=54,432 保險扣除=True ✓

[1360] 金額=48,200 保險扣除=False ✓

[1361] 金額=7,686 保險扣除=False ✓

[1362] 金額=46,423 保險扣除=False ✓

[1363] 金額=44,301 保險扣除=False ✓

[1364] 金額=44,669 保險扣除=False ✓

[1365] 金額=912,357 保險扣除=False ✓

[1366] 金額=39,297 保險扣除=False ✓

[1367] 金額=63,748 保險扣除=False ✓

[1368] 金額=66,248 保險扣除=False ✓

[1369] 金額=30,100 保險扣除=False ✓

[1370] 金額=137,566 保險扣除=False ✓

[1371] 金額=49,640 保險扣除=False ✓

[1372] 金額=120,170 保險扣除=False ✓

[1373] 金額=78,168 保險扣除=False ✓

[1374] 金額=12,706 保險扣除=False ✓

[1375] 金額=63,600 保險扣除=False ✓

[1376] 金額=156,140 保險扣除=False ✓

[1377] 金額=144,344 保險扣除=False ✓

[1378] 金額=19,850 保險扣除=False ✓

[1379] 金額=51,225 保險扣除=False ✓

[1380] 金額=78,789 保險扣除=False ✓

[1381] 金額=6,844 保險扣除=False ✓

[1382] 金額=29,818 保險扣除=False ✓

[1383] 金額=298,900 保險扣除=False ✓

[1384] 金額=110,860 保險扣除=False ✓

[1385] 金額=446,084 保險扣除=False ✓

[1386] 金額=21,900 保險扣除=False ✓

[1387] 金額=298,615 保險扣除=False ✓

[1388] 金額=280,499 保險扣除=True ✓

[1389] 金額=525,062 保險扣除=True ✓

[1390] 金額=245,800 保險扣除=True ✓

[1391] 金額=15,200 保險扣除=False ✓

[1392] 金額=57,402 保險扣除=False ✓

[1393] 金額=80,000 保險扣除=False ✓

[1394] 金額=83,780 保險扣除=False ✓

[1395] 金額=316,873 保險扣除=True ✓

[1396] 金額=74,800 保險扣除=False ✓

[1397] 金額=47,199 保險扣除=False ✓

[1398] 金額=158,127 保險扣除=False ✓

[1399] 金額=1,084,461 保險扣除=False ✓

[1400] 金額=11,310 保險扣除=False ✓

[1401] 金額=30,000 保險扣除=False ✓

[1402] 金額=50,808 保險扣除=False ✓

[1403] 金額=200,628 保險扣除=False ✓

[1404] 金額=300,000 保險扣除=False ✓

[1405] 金額=21,560 保險扣除=False ✓

[1406] 金額=54,315 保險扣除=False ✓

[1407] 金額=56,591 保險扣除=False ✓

[1408] 金額=50,000 保險扣除=False ✓

[1409] 金額=21,937 保險扣除=False ✓

[1410] 金額=41,150 保險扣除=False ✓

[1411] 金額=200,000 保險扣除=False ✓

[1412] 金額=322,000 保險扣除=False ✓

[1413] 金額=271,811 保險扣除=False ✓

[1414] 金額=532,960 保險扣除=True ✓

[1415] 金額=350,312 保險扣除=True ✓

[1416] 金額=15,080 保險扣除=False ✓

[1417] 金額=134,146 保險扣除=True ✓

[1418] 金額=819,088 保險扣除=False ✓

[1419] 金額=166,870 保險扣除=False ✓

[1420] 金額=147,895 保險扣除=False ✓

[1421] 金額=759,190 保險扣除=False ✓

[1422] 金額=57,895 保險扣除=False ✓

[1423] 金額=106,728 保險扣除=False ✓

[1424] 金額=32,018 保險扣除=False ✓

[1425] 金額=54,404 保險扣除=False ✓

[1426] 金額=28,000 保險扣除=False ✓

[1427] 金額=108,525 保險扣除=False ✓

[1428] 金額=135,186 保險扣除=False ✓

[1429] 金額=92,855 保險扣除=False ✓

[1430] 金額=142,800 保險扣除=False ✓

[1431] 金額=10,840 保險扣除=False ✓

[1432] 金額=32,530 保險扣除=True ✓

[1433] 金額=189,100 保險扣除=False ✓

[1434] 金額=44,000 保險扣除=False ✓

[1435] 金額=58,938 保險扣除=True ✓

[1436] 金額=165,883 保險扣除=True ✓

[1437] 金額=3,541,740 保險扣除=True ✓

[1438] 金額=54,048 保險扣除=False ✓

[1439] 金額=20,000 保險扣除=False ✓

[1440] 金額=98,350 保險扣除=False ✓

[1441] 金額=242,756 保險扣除=False ✓

[1442] 金額=166,567 保險扣除=True ✓

[1443] 金額=20,000 保險扣除=False ✓

[1444] 金額=57,000 保險扣除=False ✓

[1445] 金額=270,277 保險扣除=False ✓

[1446] 金額=13,160 保險扣除=False ✓

[1447] 金額=100,000 保險扣除=False ✓

[1448] 金額=245,082 保險扣除=False ✓

[1449] 金額=30,000 保險扣除=False ✓

[1450] 金額=74,735 保險扣除=False ✓

[1451] 金額=390,258 保險扣除=False ✓

[1452] 金額=432,528 保險扣除=False ✓

[1453] 金額=66,000 保險扣除=False ✓

[1454] 金額=13,056 保險扣除=False ✓

[1455] 金額=10,032 保險扣除=False ✓

[1456] 金額=250,000 保險扣除=False ✓

[1457] 金額=20,000 保險扣除=False ✓

[1458] 金額=23,812 保險扣除=False ✓

[1459] 金額=235,733 保險扣除=True ✓

[1460] 金額=75,927 保險扣除=False ✓

[1461] 金額=268,900 保險扣除=False ✓

[1462] 金額=163,825 保險扣除=False ✓

[1463] 金額=509,218 保險扣除=False ✓

[1464] 金額=369,402 保險扣除=False ✓

[1465] 金額=212,436 保險扣除=False ✓

[1466] 金額=1,000,000 保險扣除=True ✓

[1467] 金額=31,840 保險扣除=False ✓

[1468] 金額=263,200 保險扣除=False ✓

[1469] 金額=186,000 保險扣除=False ✓

[1470] 金額=27,720 保險扣除=False ✓

[1471] 金額=49,250 保險扣除=False ✓

[1472] 金額=1,132,205 保險扣除=True ✓

[1473] 金額=42,944 保險扣除=False ✓

[1474] 金額=150,307 保險扣除=True ✓

[1475] 金額=2,969,957 保險扣除=False ✓

[1476] 金額=68,655 保險扣除=False ✓

[1477] 金額=1,940,912 保險扣除=True ✓

[1478] 金額=82,392 保險扣除=False ✓

[1479] 金額=203,781 保險扣除=True ✓

[1480] 金額=1,321,537 保險扣除=True ✓

[1481] 金額=234,000 保險扣除=False ✓

[1482] 金額=129,575 保險扣除=False ✓

[1483] 金額=188,790 保險扣除=False ✓

[1484] 金額=40,492 保險扣除=False ✓

[1485] 金額=594,580 保險扣除=False ✓

[1486] 金額=114,000 保險扣除=False ✓

[1487] 金額=83,000 保險扣除=False ✓

[1488] 金額=98,600 保險扣除=False ✓

[1489] 金額=200,000 保險扣除=False ✓

[1490] 金額=88,900 保險扣除=False ✓

[1491] 金額=22,700 保險扣除=False ✓

[1492] 金額=573,687 保險扣除=False ✓

[1493] 金額=21,293 保險扣除=False ✓

[1494] 金額=75,986 保險扣除=False ✓

[1495] 金額=148,815 保險扣除=True ✓

[1496] 金額=2,191,745 保險扣除=False ✓

[1497] 金額=323,030 保險扣除=True ✓

[1498] 金額=114,122 保險扣除=False ✓

[1499] 金額=2,210,425 保險扣除=False ✓

[1500] 金額=109,916 保險扣除=True ✓

[1501] 金額=34,925 保險扣除=True ✓

[1502] 金額=1,570,000 保險扣除=False ✓

[1503] 金額=783,245 保險扣除=False ✓

[1504] 金額=40,000,000 保險扣除=False ✓

[1505] 金額=87,200 保險扣除=False ✓

[1506] 金額=254,265 保險扣除=False ✓

[1507] 金額=30,000 保險扣除=False ✓

[1508] 金額=105,260 保險扣除=False ✓

[1509] 金額=21,145 保險扣除=True ✓

[1510] 金額=37,472 保險扣除=False ✓

[1511] 金額=8,752 保險扣除=False ✓

[1512] 金額=60,000 保險扣除=False ✓

[1513] 金額=8,000 保險扣除=False ✓

[1514] 金額=103,398 保險扣除=False ✓

[1515] 金額=426,000 保險扣除=False ✓

[1516] 金額=43,590 保險扣除=False ✓

[1517] 金額=1,260,000 保險扣除=False ✓

[1518] 金額=1,003,379 保險扣除=False ✓

[1519] 金額=332,000 保險扣除=False ✓

[1520] 金額=241,510 保險扣除=False ✓

[1521] 金額=91,209 保險扣除=False ✓

[1522] 金額=916,000 保險扣除=False ✓

[1523] 金額=140,000 保險扣除=False ✓

[1524] 金額=400,000 保險扣除=False ✓

[1525] 金額=174,571 保險扣除=False ✓

[1526] 金額=7,620 保險扣除=False ✓

[1527] 金額=68,910 保險扣除=False ✓

[1528] 金額=423,860 保險扣除=False ✓

[1529] 金額=1,206,402 保險扣除=False ✓

[1530] 金額=167,585 保險扣除=False ✓

[1531] 金額=240,000 保險扣除=False ✓

[1532] 金額=259,409 保險扣除=False ✓

[1533] 金額=489,755 保險扣除=False ✓

[1534] 金額=640,661 保險扣除=True ✓

[1535] 金額=302,050 保險扣除=False ✓

[1536] 金額=152,566 保險扣除=False ✓

[1537] 金額=758,327 保險扣除=False ✓

[1538] 金額=166,243 保險扣除=False ✓

[1539] 金額=169,290 保險扣除=False ✓

[1540] 金額=94,460 保險扣除=False ✓

[1541] 金額=59,852 保險扣除=False ✓

[1542] 金額=99,970 保險扣除=False ✓

[1543] 金額=101,000 保險扣除=False ✓

[1544] 金額=104,830 保險扣除=False ✓

[1545] 金額=454,319 保險扣除=True ✓

[1546] 金額=293,600 保險扣除=True ✓

[1547] 金額=1,793,525 保險扣除=False ✓

[1548] 金額=475,540 保險扣除=False ✓

[1549] 金額=505,866 保險扣除=False ✓

[1550] 金額=248,912 保險扣除=False ✓

[1551] 金額=114,261 保險扣除=False ✓

[1552] 金額=659,261 保險扣除=False ✓

[1553] 金額=297,520 保險扣除=False ✓

[1554] 金額=2,042,900 保險扣除=False ✓

[1555] 金額=231,700 保險扣除=False ✓

[1556] 金額=386,780 保險扣除=False ✓

[1557] 金額=457,884 保險扣除=False ✓

[1558] 金額=210,013 保險扣除=False ✓

[1559] 金額=1,303,911 保險扣除=True ✓

[1560] 金額=1,081,148 保險扣除=False ✓

[1561] 金額=2,400,000 保險扣除=False ✓

[1562] 金額=1,565,640 保險扣除=False ✓

[1563] 金額=276,860 保險扣除=False ✓

[1564] 金額=198,780 保險扣除=False ✓

[1565] 金額=241,576 保險扣除=False ✓

[1566] 金額=382,100 保險扣除=False ✓

[1567] 金額=150,000 保險扣除=False ✓

[1568] 金額=551,143 保險扣除=False ✓

[1569] 金額=442,318 保險扣除=False ✓

[1570] 金額=328,780 保險扣除=False ✓

[1571] 金額=80,369 保險扣除=False ✓

[1572] 金額=422,225 保險扣除=False ✓

[1573] 金額=179,183 保險扣除=False ✓

[1574] 金額=396,697 保險扣除=False ✓

[1575] 金額=72,210 保險扣除=False ✓

[1576] 金額=63,000 保險扣除=True ✓

[1577] 金額=1,056,736 保險扣除=True ✓

[1578] 金額=240,504 保險扣除=False ✓

[1579] 金額=208,601 保險扣除=False ✓

[1580] 金額=374,175 保險扣除=False ✓

[1581] 金額=587,000 保險扣除=False ✓

[1582] 金額=295,100 保險扣除=False ✓

[1583] 金額=2,000,000 保險扣除=False ✓

[1584] 金額=222,800 保險扣除=False ✓

[1585] 金額=3,570,151 保險扣除=False ✓

[1586] 金額=69,800 保險扣除=False ✓

[1587] 金額=177,288 保險扣除=False ✓

[1588] 金額=269,215 保險扣除=False ✓

[1589] 金額=115,909 保險扣除=False ✓

[1590] 金額=318,735 保險扣除=False ✓

[1591] 金額=416,170 保險扣除=False ✓

[1592] 金額=213,430 保險扣除=False ✓

[1593] 金額=264,746 保險扣除=False ✓

[1594] 金額=151,888 保險扣除=False ✓

[1595] 金額=106,572 保險扣除=False ✓

[1596] 金額=50,000 保險扣除=False ✓

[1597] 金額=266,956 保險扣除=False ✓

[1598] 金額=30,000 保險扣除=False ✓

[1599] 金額=159,643 保險扣除=False ✓

[1600] 金額=334,107 保險扣除=False ✓

[1601] 金額=313,385 保險扣除=False ✓

[1602] 金額=243,165 保險扣除=False ✓

[1603] 金額=435,863 保險扣除=False ✓

[1604] 金額=250,000 保險扣除=False ✓

[1605] 金額=90,832 保險扣除=True ✓

[1606] 金額=95,024 保險扣除=False ✓

[1607] 金額=161,000 保險扣除=False ✓

[1608] 金額=312,888 保險扣除=False ✓

[1609] 金額=474,975 保險扣除=False ✓

[1610] 金額=387,137 保險扣除=False ✓

[1611] 金額=500,000 保險扣除=False ✓

[1612] 金額=139,035 保險扣除=False ✓

[1613] 金額=312,860 保險扣除=False ✓

[1614] 金額=318,220 保險扣除=False ✓

[1615] 金額=133,000 保險扣除=False ✓

[1616] 金額=453,040 保險扣除=False ✓

[1617] 金額=115,567 保險扣除=True ✓

[1618] 金額=136,233 保險扣除=False ✓

[1619] 金額=87,550 保險扣除=False ✓

[1620] 金額=2,099,177 保險扣除=True ✓

[1621] 金額=736,008 保險扣除=False ✓

[1622] 金額=3,028,521 保險扣除=False ✓

[1623] 金額=293,330 保險扣除=False ✓

[1624] 金額=531,267 保險扣除=True ✓

[1625] 金額=320,000 保險扣除=False ✓

[1626] 金額=769,584 保險扣除=False ✓

[1627] 金額=813,404 保險扣除=False ✓

[1628] 金額=2,134,956 保險扣除=False ✓

[1629] 金額=23,440,000 保險扣除=True ✓

[1630] 金額=1,108,781 保險扣除=False ✓

[1631] 金額=1,184,480 保險扣除=False ✓

[1632] 金額=14,330,682 保險扣除=True ✓

[1633] 金額=70,120 保險扣除=False ✓

[1634] 金額=439,790 保險扣除=False ✓

[1635] 金額=311,130 保險扣除=False ✓

[1636] 金額=100,000 保險扣除=False ✓

[1637] 金額=100,000 保險扣除=False ✓

[1638] 金額=119,465 保險扣除=False ✓

[1639] 金額=150,000 保險扣除=False ✓

[1640] 金額=433,394 保險扣除=False ✓

[1641] 金額=100,000 保險扣除=False ✓

[1642] 金額=213,260 保險扣除=False ✓

[1643] 金額=134,447 保險扣除=False ✓

[1644] 金額=92,033 保險扣除=False ✓

[1645] 金額=30,000 保險扣除=False ✓

[1646] 金額=508,590 保險扣除=False ✓

[1647] 金額=121,338 保險扣除=False ✓

[1648] 金額=174,800 保險扣除=False ✓

[1649] 金額=100,000 保險扣除=False ✓

[1650] 金額=325,737 保險扣除=False ✓

[1651] 金額=50,000 保險扣除=False ✓

[1652] 金額=184,817 保險扣除=False ✓

[1653] 金額=324,015 保險扣除=False ✓

[1654] 金額=201,105 保險扣除=True ✓

[1655] 金額=20,000 保險扣除=False ✓

[1656] 金額=496,371 保險扣除=False ✓

[1657] 金額=46,208 保險扣除=False ✓

[1658] 金額=119,000 保險扣除=False ✓

[1659] 金額=435,082 保險扣除=False ✓

[1660] 金額=20,000 保險扣除=False ✓

[1661] 金額=93,400 保險扣除=False ✓

[1662] 金額=103,000 保險扣除=False ✓

[1663] 金額=92,109 保險扣除=False ✓

[1664] 金額=25,000 保險扣除=False ✓

[1665] 金額=280,000 保險扣除=False ✓

[1666] 金額=124,058 保險扣除=False ✓

[1667] 金額=2,727,470 保險扣除=False ✓

[1668] 金額=1,317,050 保險扣除=True ✓

[1669] 金額=1,280,000 保險扣除=True ✓

[1670] 金額=1,254,995 保險扣除=False ✓

[1671] 金額=334,121 保險扣除=False ✓

[1672] 金額=2,427,522 保險扣除=False ✓

[1673] 金額=1,580,000 保險扣除=False ✓

[1674] 金額=100,000 保險扣除=False ✓

[1675] 金額=145,000 保險扣除=False ✓

[1676] 金額=352,238 保險扣除=False ✓

[1677] 金額=467,010 保險扣除=False ✓

[1678] 金額=985,571 保險扣除=False ✓

[1679] 金額=186,000 保險扣除=False ✓

[1680] 金額=1,000,000 保險扣除=False ✓

[1681] 金額=379,286 保險扣除=False ✓

[1682] 金額=395,420 保險扣除=False ✓

[1683] 金額=438,573 保險扣除=False ✓

[1684] 金額=265,000 保險扣除=False ✓

[1685] 金額=70,000 保險扣除=False ✓

[1686] 金額=395,963 保險扣除=False ✓

[1687] 金額=200,000 保險扣除=False ✓

[1688] 金額=30,000 保險扣除=True ✓

[1689] 金額=70,000 保險扣除=False ✓

[1690] 金額=500,000 保險扣除=False ✓

[1691] 金額=160,504 保險扣除=False ✓

[1692] 金額=81,816 保險扣除=False ✓

[1693] 金額=100,850 保險扣除=False ✓

[1694] 金額=68,700 保險扣除=False ✓

[1695] 金額=36,200 保險扣除=False ✓

[1696] 金額=22,130 保險扣除=False ✓

[1697] 金額=50,000 保險扣除=False ✓

[1698] 金額=81,865 保險扣除=False ✓

[1699] 金額=352,384 保險扣除=False ✓

[1700] 金額=369,000 保險扣除=False ✓

[1701] 金額=249,670 保險扣除=False ✓

[1702] 金額=100,000 保險扣除=False ✓

[1703] 金額=198,893 保險扣除=False ✓

[1704] 金額=100,000 保險扣除=False ✓

[1705] 金額=99,900 保險扣除=False ✓

[1706] 金額=100,000 保險扣除=False ✓

[1707] 金額=20,000 保險扣除=False ✓

[1708] 金額=35,865 保險扣除=False ✓

[1709] 金額=20,250 保險扣除=False ✓

[1710] 金額=37,846 保險扣除=False ✓

[1711] 金額=126,200 保險扣除=False ✓

[1712] 金額=77,956 保險扣除=False ✓

[1713] 金額=56,537 保險扣除=False ✓

[1714] 金額=71,410 保險扣除=False ✓

[1715] 金額=15,300 保險扣除=False ✓

[1716] 金額=60,000 保險扣除=False ✓

[1717] 金額=90,475 保險扣除=False ✓

[1718] 金額=214,500 保險扣除=False ✓

[1719] 金額=482,915 保險扣除=False ✓

[1720] 金額=500,000 保險扣除=False ✓

[1721] 金額=38,580 保險扣除=False ✓

[1722] 金額=60,027 保險扣除=False ✓

[1723] 金額=150,000 保險扣除=False ✓

[1724] 金額=208,615 保險扣除=False ✓

[1725] 金額=284,150 保險扣除=False ✓

[1726] 金額=240,000 保險扣除=False ✓

[1727] 金額=60,000 保險扣除=False ✓

[1728] 金額=77,450 保險扣除=False ✓

[1729] 金額=62,630 保險扣除=False ✓

[1730] 金額=120,000 保險扣除=False ✓

[1731] 金額=144,440 保險扣除=False ✓

[1732] 金額=176,192 保險扣除=False ✓

[1733] 金額=429,240 保險扣除=False ✓

[1734] 金額=444,874 保險扣除=False ✓

[1735] 金額=14,530 保險扣除=False ✓

[1736] 金額=321,556 保險扣除=False ✓

[1737] 金額=335,835 保險扣除=False ✓

[1738] 金額=14,890 保險扣除=False ✓

[1739] 金額=40,000 保險扣除=False ✓

[1740] 金額=64,570 保險扣除=False ✓

[1741] 金額=70,000 保險扣除=False ✓

[1742] 金額=350,000 保險扣除=False ✓

[1743] 金額=203,929 保險扣除=False ✓

[1744] 金額=451,319 保險扣除=False ✓

[1745] 金額=120,000 保險扣除=False ✓

[1746] 金額=407,948 保險扣除=False ✓

[1747] 金額=218,177 保險扣除=False ✓

[1748] 金額=94,872 保險扣除=False ✓

[1749] 金額=51,609 保險扣除=False ✓

[1750] 金額=100,000 保險扣除=False ✓

[1751] 金額=100,000 保險扣除=False ✓

[1752] 金額=65,658 保險扣除=False ✓

[1753] 金額=63,090 保險扣除=False ✓

[1754] 金額=90,600 保險扣除=False ✓

[1755] 金額=80,000 保險扣除=False ✓

[1756] 金額=204,186 保險扣除=False ✓

[1757] 金額=130,315 保險扣除=False ✓

[1758] 金額=311,836 保險扣除=False ✓

[1759] 金額=414,800 保險扣除=False ✓

[1760] 金額=65,731 保險扣除=False ✓

[1761] 金額=152,886 保險扣除=False ✓

[1762] 金額=125,200 保險扣除=False ✓

[1763] 金額=120,000 保險扣除=False ✓

[1764] 金額=157,144 保險扣除=False ✓

[1765] 金額=31,257 保險扣除=False ✓

[1766] 金額=142,100 保險扣除=False ✓

[1767] 金額=299,770 保險扣除=False ✓

[1768] 金額=130,000 保險扣除=False ✓

[1769] 金額=183,040 保險扣除=False ✓

[1770] 金額=10,000 保險扣除=False ✓

[1771] 金額=100,000 保險扣除=False ✓

[1772] 金額=44,351 保險扣除=False ✓

[1773] 金額=46,420 保險扣除=False ✓

[1774] 金額=51,000 保險扣除=False ✓

[1775] 金額=138,471 保險扣除=False ✓

[1776] 金額=222,273 保險扣除=False ✓

[1777] 金額=116,922 保險扣除=False ✓

[1778] 金額=335,000 保險扣除=False ✓

[1779] 金額=500,000 保險扣除=False ✓

[1780] 金額=420,000 保險扣除=False ✓

[1781] 金額=20,024 保險扣除=False ✓

[1782] 金額=60,850 保險扣除=False ✓

[1783] 金額=4,900 保險扣除=False ✓

[1784] 金額=88,000 保險扣除=False ✓

[1785] 金額=53,130 保險扣除=False ✓

[1786] 金額=498,199 保險扣除=False ✓

[1787] 金額=210,000 保險扣除=False ✓

[1788] 金額=317,834 保險扣除=False ✓

[1789] 金額=100,000 保險扣除=False ✓

[1790] 金額=155,589 保險扣除=False ✓

[1791] 金額=222,840 保險扣除=False ✓

[1792] 金額=298,808 保險扣除=False ✓

[1793] 金額=305,744 保險扣除=False ✓

[1794] 金額=89,050 保險扣除=False ✓

[1795] 金額=313,329 保險扣除=False ✓

[1796] 金額=163,031 保險扣除=False ✓

[1797] 金額=80,000 保險扣除=False ✓

[1798] 金額=75,700 保險扣除=False ✓

[1799] 金額=46,911 保險扣除=False ✓

[1800] 金額=372,785 保險扣除=False ✓

[1801] 金額=141,751 保險扣除=False ✓

[1802] 金額=319,150 保險扣除=False ✓

[1803] 金額=122,413 保險扣除=False ✓

[1804] 金額=124,567 保險扣除=False ✓

[1805] 金額=150,000 保險扣除=False ✓

[1806] 金額=80,420 保險扣除=False ✓

[1807] 金額=315,569 保險扣除=False ✓

[1808] 金額=372,235 保險扣除=False ✓

[1809] 金額=100,000 保險扣除=False ✓

[1810] 金額=12,000 保險扣除=False ✓

[1811] 金額=71,675 保險扣除=False ✓

[1812] 金額=559,970 保險扣除=False ✓

[1813] 金額=479,772 保險扣除=False ✓

[1814] 金額=151,954 保險扣除=False ✓

[1815] 金額=136,054 保險扣除=False ✓

[1816] 金額=600,000 保險扣除=False ✓

[1817] 金額=100,627 保險扣除=False ✓

[1818] 金額=54,020 保險扣除=False ✓

[1819] 金額=46,094 保險扣除=False ✓

[1820] 金額=69,650 保險扣除=False ✓

[1821] 金額=200,000 保險扣除=False ✓

[1822] 金額=250,460 保險扣除=False ✓

[1823] 金額=19,000 保險扣除=False ✓

[1824] 金額=25,000 保險扣除=False ✓

[1825] 金額=100,000 保險扣除=False ✓

[1826] 金額=87,458 保險扣除=False ✓

[1827] 金額=50,000 保險扣除=False ✓

[1828] 金額=12,458 保險扣除=False ✓

[1829] 金額=119,067 保險扣除=False ✓

[1830] 金額=308,254 保險扣除=False ✓

[1831] 金額=116,248 保險扣除=False ✓

[1832] 金額=645,361 保險扣除=False ✓

[1833] 金額=20,000 保險扣除=False ✓

[1834] 金額=15,000 保險扣除=False ✓

[1835] 金額=60,400 保險扣除=False ✓

[1836] 金額=46,460 保險扣除=False ✓

[1837] 金額=15,000 保險扣除=False ✓

[1838] 金額=45,300 保險扣除=False ✓

[1839] 金額=54,400 保險扣除=False ✓

[1840] 金額=77,180 保險扣除=False ✓

[1841] 金額=32,000 保險扣除=False ✓

[1842] 金額=79,717 保險扣除=False ✓

[1843] 金額=68,377 保險扣除=False ✓

[1844] 金額=150,000 保險扣除=False ✓

[1845] 金額=407,203 保險扣除=False ✓

[1846] 金額=26,735,049 保險扣除=True ✓

[1847] 金額=524,283 保險扣除=False ✓

[1848] 金額=124,250 保險扣除=False ✓

[1849] 金額=2,834,433 保險扣除=False ✓

[1850] 金額=197,332 保險扣除=False ✓

[1851] 金額=152,600 保險扣除=False ✓

[1852] 金額=1,450,000 保險扣除=False ✓

[1853] 金額=1,103,452 保險扣除=False ✓

[1854] 金額=1,500,670 保險扣除=False ✓

[1855] 金額=600,000 保險扣除=False ✓

[1856] 金額=775,107 保險扣除=False ✓

[1857] 金額=487,960 保險扣除=False ✓

[1858] 金額=458,180 保險扣除=False ✓

[1859] 金額=731,608 保險扣除=False ✓

[1860] 金額=4,166,881 保險扣除=False ✓

[1861] 金額=590,101 保險扣除=False ✓

[1862] 金額=581,955 保險扣除=False ✓

[1863] 金額=325,491 保險扣除=False ✓

[1864] 金額=1,000,000 保險扣除=False ✓

[1865] 金額=504,325 保險扣除=False ✓

[1866] 金額=1,461,088 保險扣除=False ✓

[1867] 金額=3,734,379 保險扣除=True ✓

[1868] 金額=1,031,045 保險扣除=False ✓

[1869] 金額=670,946 保險扣除=False ✓

[1870] 金額=1,044,039 保險扣除=True ✓

[1871] 金額=1,022,423 保險扣除=False ✓

[1872] 金額=504,311 保險扣除=False ✓

[1873] 金額=708,410 保險扣除=False ✓

[1874] 金額=2,575,116 保險扣除=False ✓

[1875] 金額=919,935 保險扣除=False ✓

[1876] 金額=1,181,931 保險扣除=True ✓

[1877] 金額=798,051 保險扣除=False ✓

[1878] 金額=1,637,224 保險扣除=True ✓

[1879] 金額=417,900 保險扣除=False ✓

[1880] 金額=1,131,885 保險扣除=False ✓

[1881] 金額=7,490,400 保險扣除=False ✓

[1882] 金額=855,000 保險扣除=False ✓

[1883] 金額=944,672 保險扣除=False ✓

[1884] 金額=653,855 保險扣除=False ✓

[1885] 金額=431,585 保險扣除=True ✓

[1886] 金額=1,394,188 保險扣除=False ✓

[1887] 金額=627,020 保險扣除=False ✓

[1888] 金額=815,000 保險扣除=True ✓

[1889] 金額=591,654 保險扣除=False ✓

[1890] 金額=505,420 保險扣除=False ✓

[1891] 金額=336,770 保險扣除=False ✓

[1892] 金額=467,818 保險扣除=False ✓

[1893] 金額=960,000 保險扣除=False ✓

[1894] 金額=4,000,000 保險扣除=False ✓

[1895] 金額=8,450,571 保險扣除=False ✓

[1896] 金額=13,810,299 保險扣除=False ✓

[1897] 金額=906,148 保險扣除=False ✓

[1898] 金額=1,523,562 保險扣除=False ✓

[1899] 金額=618,190 保險扣除=False ✓

[1900] 金額=7,333,732 保險扣除=False ✓

[1901] 金額=1,000,000 保險扣除=False ✓

[1902] 金額=4,793,611 保險扣除=False ✓

[1903] 金額=1,018,679 保險扣除=False ✓

[1904] 金額=786,592 保險扣除=False ✓

[1905] 金額=351,601 保險扣除=False ✓

[1906] 金額=830,000 保險扣除=False ✓

[1907] 金額=597,744 保險扣除=True ✓

[1908] 金額=774,720 保險扣除=False ✓

[1909] 金額=757,500 保險扣除=False ✓

[1910] 金額=220,492 保險扣除=True ✓

[1911] 金額=178,000 保險扣除=False ✓

[1912] 金額=70,000 保險扣除=True ✓

[1913] 金額=18,600 保險扣除=False ✓

[1914] 金額=331,281 保險扣除=False ✓

[1915] 金額=203,920 保險扣除=False ✓

[1916] 金額=66,800 保險扣除=False ✓

[1917] 金額=884,283 保險扣除=False ✓

[1918] 金額=354,390 保險扣除=False ✓

[1919] 金額=909,086 保險扣除=True ✓

[1920] 金額=332,831 保險扣除=False ✓

[1921] 金額=13,650 保險扣除=False ✓

[1922] 金額=100,000 保險扣除=False ✓

[1923] 金額=423,580 保險扣除=False ✓

[1924] 金額=258,395 保險扣除=False ✓

[1925] 金額=81,820 保險扣除=True ✓

[1926] 金額=91,500 保險扣除=False ✓

[1927] 金額=332,291 保險扣除=False ✓

[1928] 金額=40,000 保險扣除=False ✓

[1929] 金額=459,024 保險扣除=False ✓

[1930] 金額=290,680 保險扣除=False ✓

[1931] 金額=298,450 保險扣除=False ✓

[1932] 金額=51,030 保險扣除=False ✓

[1933] 金額=76,740 保險扣除=False ✓

[1934] 金額=93,660 保險扣除=False ✓

[1935] 金額=81,100 保險扣除=False ✓

[1936] 金額=20,000 保險扣除=False ✓

[1937] 金額=99,900 保險扣除=False ✓

[1938] 金額=209,316 保險扣除=False ✓

[1939] 金額=250,130 保險扣除=True ✓

[1940] 金額=150,000 保險扣除=False ✓

[1941] 金額=38,500 保險扣除=False ✓

[1942] 金額=61,550 保險扣除=False ✓

[1943] 金額=115,800 保險扣除=True ✓

[1944] 金額=25,837 保險扣除=False ✓

[1945] 金額=64,162 保險扣除=False ✓

[1946] 金額=49,179 保險扣除=False ✓

[1947] 金額=94,614 保險扣除=False ✓

[1948] 金額=155,000 保險扣除=False ✓

[1949] 金額=539,852 保險扣除=True ✓

[1950] 金額=655,902 保險扣除=False ✓

[1951] 金額=95,280 保險扣除=False ✓

[1952] 金額=384,254 保險扣除=False ✓

[1953] 金額=50,000 保險扣除=False ✓

[1954] 金額=205,936 保險扣除=False ✓

[1955] 金額=152,740 保險扣除=False ✓

[1956] 金額=355,000 保險扣除=True ✓

[1957] 金額=14,470 保險扣除=False ✓

[1958] 金額=183,240 保險扣除=False ✓

[1959] 金額=494,780 保險扣除=False ✓

[1960] 金額=60,000 保險扣除=False ✓

[1961] 金額=100,000 保險扣除=False ✓

[1962] 金額=32,125 保險扣除=False ✓

[1963] 金額=35,154 保險扣除=False ✓

[1964] 金額=100,000 保險扣除=False ✓

[1965] 金額=82,500 保險扣除=False ✓

[1966] 金額=90,000 保險扣除=False ✓

[1967] 金額=19,538 保險扣除=False ✓

[1968] 金額=20,740 保險扣除=False ✓

[1969] 金額=328,600 保險扣除=False ✓

[1970] 金額=500,000 保險扣除=False ✓

[1971] 金額=139,160 保險扣除=False ✓

[1972] 金額=135,968 保險扣除=False ✓

[1973] 金額=103,125 保險扣除=False ✓

[1974] 金額=129,440 保險扣除=False ✓

[1975] 金額=177,500 保險扣除=False ✓

[1976] 金額=435,690 保險扣除=False ✓

[1977] 金額=560,609 保險扣除=False ✓

[1978] 金額=150,000 保險扣除=False ✓

[1979] 金額=48,975 保險扣除=False ✓

[1980] 金額=80,000 保險扣除=False ✓

[1981] 金額=138,450 保險扣除=False ✓

[1982] 金額=92,900 保險扣除=False ✓

[1983] 金額=408,562 保險扣除=False ✓

[1984] 金額=98,682 保險扣除=False ✓

[1985] 金額=17,000 保險扣除=False ✓

[1986] 金額=47,068 保險扣除=False ✓

[1987] 金額=135,600 保險扣除=False ✓

[1988] 金額=500,000 保險扣除=False ✓

[1989] 金額=101,858 保險扣除=False ✓

[1990] 金額=455,391 保險扣除=True ✓

[1991] 金額=107,000 保險扣除=True ✓

[1992] 金額=34,000 保險扣除=False ✓

[1993] 金額=100,000 保險扣除=False ✓

[1994] 金額=408,470 保險扣除=False ✓

[1995] 金額=147,055 保險扣除=False ✓

[1996] 金額=444,290 保險扣除=False ✓

[1997] 金額=166,000 保險扣除=False ✓

[1998] 金額=202,700 保險扣除=False ✓

[1999] 金額=302,872 保險扣除=True ✓

[2000] 金額=384,083 保險扣除=False ✓

[2001] 金額=534,530 保險扣除=True ✓

[2002] 金額=1,102,247 保險扣除=False ✓

[2003] 金額=1,092,918 保險扣除=False ✓

[2004] 金額=600,000 保險扣除=False ✓

[2005] 金額=88,000 保險扣除=False ✓

[2006] 金額=42,306 保險扣除=False ✓

[2007] 金額=95,000 保險扣除=False ✓

[2008] 金額=1,651,665 保險扣除=False ✓

[2009] 金額=699,826 保險扣除=False ✓

[2010] 金額=273,119 保險扣除=False ✓

[2011] 金額=982,000 保險扣除=False ✓

[2012] 金額=200,000 保險扣除=False ✓

[2013] 金額=160,000 保險扣除=False ✓

[2014] 金額=2,115,362 保險扣除=False ✓

[2015] 金額=6,002,151 保險扣除=False ✓

[2016] 金額=528,900 保險扣除=False ✓

[2017] 金額=494,724 保險扣除=False ✓

[2018] 金額=305,653 保險扣除=False ✓

[2019] 金額=526,024 保險扣除=False ✓

[2020] 金額=1,714,912 保險扣除=False ✓

[2021] 金額=400,750 保險扣除=False ✓

[2022] 金額=1,149,093 保險扣除=False ✓

[2023] 金額=65,850 保險扣除=False ✓

[2024] 金額=136,300 保險扣除=False ✓

[2025] 金額=631,214 保險扣除=False ✓

[2026] 金額=202,150 保險扣除=False ✓

[2027] 金額=389,040 保險扣除=False ✓

[2028] 金額=109,045 保險扣除=False ✓

[2029] 金額=290,000 保險扣除=False ✓

[2030] 金額=450,000 保險扣除=False ✓

[2031] 金額=610,825 保險扣除=False ✓

[2032] 金額=127,913 保險扣除=False ✓

[2033] 金額=1,075,853 保險扣除=False ✓

[2034] 金額=941,801 保險扣除=False ✓

[2035] 金額=3,917,885 保險扣除=False ✓

[2036] 金額=1,093,013 保險扣除=False ✓

[2037] 金額=343,495 保險扣除=False ✓

[2038] 金額=1,232,527 保險扣除=False ✓

[2039] 金額=1,730,556 保險扣除=False ✓

[2040] 金額=201,410 保險扣除=False ✓

[2041] 金額=1,122,938 保險扣除=False ✓

[2042] 金額=534,000 保險扣除=False ✓

[2043] 金額=800,000 保險扣除=False ✓

[2044] 金額=51,704 保險扣除=False ✓

[2045] 金額=208,370 保險扣除=False ✓

[2046] 金額=237,316 保險扣除=False ✓

[2047] 金額=8,017,465 保險扣除=False ✓

[2048] 金額=687,299 保險扣除=False ✓

[2049] 金額=350,000 保險扣除=False ✓

[2050] 金額=998,622 保險扣除=True ✓

[2051] 金額=296,800 保險扣除=False ✓

[2052] 金額=129,640 保險扣除=False ✓

[2053] 金額=56,866 保險扣除=False ✓

[2054] 金額=215,135 保險扣除=False ✓

[2055] 金額=54,861 保險扣除=False ✓

[2056] 金額=350,000 保險扣除=False ✓

[2057] 金額=200,050 保險扣除=False ✓

[2058] 金額=338,526 保險扣除=False ✓

[2059] 金額=834,608 保險扣除=False ✓

[2060] 金額=1,548,394 保險扣除=False ✓

[2061] 金額=185,720 保險扣除=False ✓

[2062] 金額=335,257 保險扣除=True ✓

[2063] 金額=10,000 保險扣除=False ✓

[2064] 金額=300,000 保險扣除=False ✓

[2065] 金額=167,625 保險扣除=False ✓

[2066] 金額=586,242 保險扣除=False ✓

[2067] 金額=737,600 保險扣除=False ✓

[2068] 金額=10,300 保險扣除=False ✓

[2069] 金額=662,008 保險扣除=False ✓

[2070] 金額=1,457,019 保險扣除=False ✓

[2071] 金額=4,196,944 保險扣除=False ✓

[2072] 金額=100,000 保險扣除=False ✓

[2073] 金額=1,584,750 保險扣除=False ✓

[2074] 金額=1,004,670 保險扣除=False ✓

[2075] 金額=444,601 保險扣除=False ✓

[2076] 金額=1,120,000 保險扣除=False ✓

[2077] 金額=50,000 保險扣除=False ✓

[2078] 金額=236,518 保險扣除=False ✓

[2079] 金額=882,882 保險扣除=False ✓

[2080] 金額=688,700 保險扣除=False ✓

[2081] 金額=250,000 保險扣除=False ✓

[2082] 金額=300,000 保險扣除=True ✓

[2083] 金額=1,297,050 保險扣除=False ✓

[2084] 金額=2,152,835 保險扣除=False ✓

[2085] 金額=100,000 保險扣除=False ✓

[2086] 金額=958,924 保險扣除=False ✓

[2087] 金額=70,750 保險扣除=False ✓

[2088] 金額=976,376 保險扣除=False ✓

[2089] 金額=100,000 保險扣除=False ✓

[2090] 金額=1,074,656 保險扣除=False ✓

[2091] 金額=426,961 保險扣除=False ✓

[2092] 金額=557,509 保險扣除=False ✓

[2093] 金額=184,764 保險扣除=False ✓

[2094] 金額=1,581,969 保險扣除=False ✓

[2095] 金額=256,480 保險扣除=False ✓

[2096] 金額=305,027 保險扣除=False ✓

[2097] 金額=801,500 保險扣除=False ✓

[2098] 金額=619,380 保險扣除=False ✓

[2099] 金額=101,140 保險扣除=False ✓

[2100] 金額=650,935 保險扣除=False ✓

[2101] 金額=318,959 保險扣除=False ✓

[2102] 金額=767,080 保險扣除=False ✓

[2103] 金額=640,210 保險扣除=False ✓

[2104] 金額=318,673 保險扣除=False ✓

[2105] 金額=46,735 保險扣除=False ✓

[2106] 金額=24,980 保險扣除=False ✓

[2107] 金額=5,007,250 保險扣除=False ✓

[2108] 金額=311,227 保險扣除=False ✓

[2109] 金額=700,000 保險扣除=False ✓

[2110] 金額=215,150 保險扣除=False ✓

[2111] 金額=777,267 保險扣除=False ✓

[2112] 金額=137,754 保險扣除=False ✓

[2113] 金額=225,572 保險扣除=False ✓

[2114] 金額=23,654 保險扣除=False ✓

[2115] 金額=1,541,018 保險扣除=False ✓

[2116] 金額=1,990,219 保險扣除=False ✓

[2117] 金額=509,313 保險扣除=False ✓

[2118] 金額=5,516,995 保險扣除=False ✓

[2119] 金額=326,000 保險扣除=False ✓

[2120] 金額=100,000 保險扣除=False ✓

[2121] 金額=112,428 保險扣除=False ✓

[2122] 金額=144,242 保險扣除=False ✓

[2123] 金額=1,899,204 保險扣除=False ✓

[2124] 金額=909,298 保險扣除=False ✓

[2125] 金額=72,755,112 保險扣除=True ✓

[2126] 金額=99,366 保險扣除=False ✓

[2127] 金額=47,905 保險扣除=False ✓

[2128] 金額=2,135,550 保險扣除=False ✓

[2129] 金額=448,359 保險扣除=False ✓

[2130] 金額=297,976 保險扣除=False ✓

[2131] 金額=700,748 保險扣除=True ✓

[2132] 金額=73,430 保險扣除=False ✓

[2133] 金額=253,711 保險扣除=False ✓

[2134] 金額=1,500,000 保險扣除=False ✓

[2135] 金額=2,800,000 保險扣除=False ✓

[2136] 金額=86,065 保險扣除=False ✓

[2137] 金額=550,400 保險扣除=False ✓

[2138] 金額=365,110 保險扣除=False ✓

[2139] 金額=181,472 保險扣除=False ✓

[2140] 金額=97,400 保險扣除=False ✓

[2141] 金額=4,935,598 保險扣除=False ✓

[2142] 金額=953,005 保險扣除=True ✓

[2143] 金額=341,740 保險扣除=False ✓

[2144] 金額=325,760 保險扣除=False ✓

[2145] 金額=6,325,747 保險扣除=False ✓

[2146] 金額=451,628 保險扣除=False ✓

[2147] 金額=1,500,000 保險扣除=False ✓

[2148] 金額=260,200 保險扣除=False ✓

[2149] 金額=182,793 保險扣除=False ✓

[2150] 金額=153,050 保險扣除=False ✓

[2151] 金額=313,298 保險扣除=False ✓

[2152] 金額=379,689 保險扣除=False ✓

[2153] 金額=2,002,584 保險扣除=False ✓

[2154] 金額=191,767 保險扣除=False ✓

[2155] 金額=732,920 保險扣除=False ✓

[2156] 金額=10,000 保險扣除=False ✓

[2157] 金額=1,887,209 保險扣除=False ✓

[2158] 金額=100,850 保險扣除=False ✓

[2159] 金額=517,272 保險扣除=False ✓

[2160] 金額=228,650 保險扣除=False ✓

[2161] 金額=360,485 保險扣除=False ✓

[2162] 金額=42,995 保險扣除=False ✓

[2163] 金額=813,381 保險扣除=False ✓

[2164] 金額=430,485 保險扣除=False ✓

[2165] 金額=250,000 保險扣除=False ✓

[2166] 金額=171,403 保險扣除=False ✓

[2167] 金額=1,624,486 保險扣除=True ✓

[2168] 金額=1,192,419 保險扣除=False ✓

[2169] 金額=269,300 保險扣除=False ✓

[2170] 金額=143,808 保險扣除=False ✓

[2171] 金額=97,790 保險扣除=False ✓

[2172] 金額=627,254 保險扣除=False ✓

[2173] 金額=743,853 保險扣除=False ✓

[2174] 金額=70,000 保險扣除=False ✓

[2175] 金額=131,502 保險扣除=False ✓

[2176] 金額=19,318,548 保險扣除=False ✓

[2177] 金額=98,570 保險扣除=False ✓

[2178] 金額=123,540 保險扣除=False ✓

[2179] 金額=800,000 保險扣除=False ✓

[2180] 金額=454,033 保險扣除=False ✓

[2181] 金額=953,168 保險扣除=False ✓

[2182] 金額=171,200 保險扣除=False ✓

[2183] 金額=88,630 保險扣除=False ✓

[2184] 金額=160,000 保險扣除=False ✓

[2185] 金額=638,439 保險扣除=False ✓

[2186] 金額=275,220 保險扣除=False ✓

[2187] 金額=170,000 保險扣除=False ✓

[2188] 金額=200,000 保險扣除=False ✓

[2189] 金額=905,541 保險扣除=False ✓

[2190] 金額=1,691,971 保險扣除=False ✓

[2191] 金額=600,000 保險扣除=False ✓

[2192] 金額=14,500 保險扣除=False ✓

[2193] 金額=115,020 保險扣除=False ✓

[2194] 金額=1,195,190 保險扣除=False ✓

[2195] 金額=282,145 保險扣除=False ✓

[2196] 金額=980,200 保險扣除=False ✓

[2197] 金額=542,108 保險扣除=False ✓

[2198] 金額=182,362 保險扣除=False ✓

[2199] 金額=49,030 保險扣除=False ✓

[2200] 金額=214,338 保險扣除=False ✓

[2201] 金額=1,015,290 保險扣除=False ✓

[2202] 金額=212,593 保險扣除=False ✓

[2203] 金額=1,600,530 保險扣除=False ✓

[2204] 金額=75,000 保險扣除=False ✓

[2205] 金額=1,388,526 保險扣除=False ✓

[2206] 金額=316,552 保險扣除=False ✓

[2207] 金額=556,154 保險扣除=False ✓

[2208] 金額=384,000 保險扣除=False ✓

[2209] 金額=2,176,006 保險扣除=False ✓

[2210] 金額=1,484,595 保險扣除=False ✓

[2211] 金額=45,814 保險扣除=False ✓

[2212] 金額=504,787 保險扣除=False ✓

[2213] 金額=2,142,068 保險扣除=False ✓

[2214] 金額=579,360 保險扣除=False ✓

[2215] 金額=447,818 保險扣除=False ✓

[2216] 金額=167,395 保險扣除=False ✓

[2217] 金額=412,434 保險扣除=False ✓

[2218] 金額=299,770 保險扣除=False ✓

[2219] 金額=613,000 保險扣除=False ✓

[2220] 金額=100,000 保險扣除=False ✓

[2221] 金額=159,154 保險扣除=False ✓

[2222] 金額=313,200 保險扣除=False ✓

[2223] 金額=684,526 保險扣除=False ✓

[2224] 金額=1,983,418 保險扣除=False ✓

[2225] 金額=121,300 保險扣除=False ✓

[2226] 金額=4,008,645 保險扣除=False ✓

[2227] 金額=642,236 保險扣除=False ✓

[2228] 金額=639,474 保險扣除=False ✓

[2229] 金額=91,400 保險扣除=False ✓

[2230] 金額=100,000 保險扣除=False ✓

[2231] 金額=63,805 保險扣除=False ✓

[2232] 金額=1,009,093 保險扣除=False ✓

[2233] 金額=500,000 保險扣除=False ✓

[2234] 金額=1,109,018 保險扣除=False ✓

[2235] 金額=456,600 保險扣除=False ✓

[2236] 金額=748,916 保險扣除=False ✓

[2237] 金額=69,587 保險扣除=False ✓

[2238] 金額=74,700 保險扣除=False ✓

[2239] 金額=1,819,455 保險扣除=False ✓

[2240] 金額=4,530,280 保險扣除=False ✓

[2241] 金額=372,743 保險扣除=False ✓

[2242] 金額=1,000,000 保險扣除=False ✓

[2243] 金額=3,000,000 保險扣除=False ✓

[2244] 金額=99,715 保險扣除=False ✓

[2245] 金額=356,402 保險扣除=False ✓

[2246] 金額=611,920 保險扣除=False ✓

[2247] 金額=855,054 保險扣除=False ✓

[2248] 金額=80,000 保險扣除=False ✓

[2249] 金額=1,072,000 保險扣除=False ✓

[2250] 金額=258,828 保險扣除=False ✓

[2251] 金額=6,484,500 保險扣除=False ✓

[2252] 金額=323,790 保險扣除=False ✓

[2253] 金額=1,179,802 保險扣除=False ✓

[2254] 金額=325,679 保險扣除=False ✓

[2255] 金額=223,409 保險扣除=False ✓

[2256] 金額=100,645 保險扣除=False ✓

[2257] 金額=503,380 保險扣除=False ✓

[2258] 金額=309,147 保險扣除=False ✓

[2259] 金額=1,113,375 保險扣除=False ✓

[2260] 金額=1,000,000 保險扣除=False ✓

[2261] 金額=50,000 保險扣除=False ✓

[2262] 金額=50,000 保險扣除=False ✓

[2263] 金額=186,000 保險扣除=False ✓

[2264] 金額=127,970 保險扣除=False ✓

[2265] 金額=847,913 保險扣除=False ✓

[2266] 金額=103,950 保險扣除=False ✓

[2267] 金額=692,973 保險扣除=False ✓

[2268] 金額=300,000 保險扣除=False ✓

[2269] 金額=1,365,941 保險扣除=False ✓

[2270] 金額=1,405,842 保險扣除=False ✓

[2271] 金額=870,457 保險扣除=False ✓

[2272] 金額=247,600 保險扣除=False ✓

[2273] 金額=130,000 保險扣除=False ✓

[2274] 金額=660,000 保險扣除=True ✓

[2275] 金額=4,392,805 保險扣除=False ✓

[2276] 金額=707,875 保險扣除=False ✓

[2277] 金額=80,000 保險扣除=False ✓

[2278] 金額=100,320 保險扣除=False ✓

[2279] 金額=330,658 保險扣除=False ✓

[2280] 金額=387,205 保險扣除=True ✓

[2281] 金額=256,552 保險扣除=False ✓

[2282] 金額=987,663 保險扣除=False ✓

[2283] 金額=402,018 保險扣除=False ✓

[2284] 金額=434,877 保險扣除=False ✓

[2285] 金額=115,000 保險扣除=False ✓

[2286] 金額=500,000 保險扣除=False ✓

[2287] 金額=315,590 保險扣除=False ✓

[2288] 金額=100,000 保險扣除=False ✓

[2289] 金額=506,949 保險扣除=False ✓

[2290] 金額=377,047 保險扣除=False ✓

[2291] 金額=866,622 保險扣除=False ✓

[2292] 金額=572,936 保險扣除=False ✓

[2293] 金額=134,988 保險扣除=False ✓

[2294] 金額=245,750 保險扣除=False ✓

[2295] 金額=99,760 保險扣除=False ✓

[2296] 金額=198,670 保險扣除=False ✓

[2297] 金額=1,374,290 保險扣除=False ✓

[2298] 金額=959,242 保險扣除=False ✓

[2299] 金額=30,170 保險扣除=False ✓

[2300] 金額=228,341 保險扣除=False ✓

[2301] 金額=310,420 保險扣除=False ✓

[2302] 金額=59,050 保險扣除=False ✓

[2303] 金額=347,340 保險扣除=False ✓

[2304] 金額=1,659,145 保險扣除=False ✓

[2305] 金額=793,043 保險扣除=False ✓

[2306] 金額=180,000 保險扣除=False ✓

[2307] 金額=69,112 保險扣除=False ✓

[2308] 金額=851,664 保險扣除=False ✓

[2309] 金額=750,000 保險扣除=False ✓

[2310] 金額=209,580 保險扣除=False ✓

[2311] 金額=962,552 保險扣除=False ✓

[2312] 金額=912,790 保險扣除=False ✓

[2313] 金額=15,800 保險扣除=False ✓

[2314] 金額=87,188 保險扣除=False ✓

[2315] 金額=150,000 保險扣除=False ✓

[2316] 金額=330,935 保險扣除=False ✓

[2317] 金額=36,000 保險扣除=False ✓

[2318] 金額=692,990 保險扣除=False ✓

[2319] 金額=1,369,830 保險扣除=False ✓

[2320] 金額=853,329 保險扣除=False ✓

[2321] 金額=1,305,318 保險扣除=False ✓

[2322] 金額=165,160 保險扣除=False ✓

[2323] 金額=202,353 保險扣除=False ✓

[2324] 金額=112,490 保險扣除=False ✓

[2325] 金額=1,196,256 保險扣除=False ✓

[2326] 金額=992,419 保險扣除=False ✓

[2327] 金額=159,750 保險扣除=False ✓

[2328] 金額=209,803 保險扣除=False ✓

[2329] 金額=41,000 保險扣除=False ✓

[2330] 金額=100,000 保險扣除=False ✓

[2331] 金額=231,043 保險扣除=False ✓

[2332] 金額=498,849 保險扣除=False ✓

[2333] 金額=1,020,174 保險扣除=False ✓

[2334] 金額=500,000 保險扣除=False ✓

[2335] 金額=151,800 保險扣除=False ✓

[2336] 金額=366,956 保險扣除=False ✓

[2337] 金額=1,000,000 保險扣除=False ✓

[2338] 金額=215,660 保險扣除=False ✓

[2339] 金額=64,750 保險扣除=False ✓

[2340] 金額=100,000 保險扣除=False ✓

[2341] 金額=1,646,000 保險扣除=False ✓

[2342] 金額=37,650 保險扣除=False ✓

[2343] 金額=491,138 保險扣除=False ✓

[2344] 金額=3,929,363 保險扣除=False ✓

[2345] 金額=39,548 保險扣除=False ✓

[2346] 金額=595,000 保險扣除=False ✓

[2347] 金額=150,000 保險扣除=False ✓

[2348] 金額=20,000 保險扣除=False ✓

[2349] 金額=6,716,244 保險扣除=False ✓

[2350] 金額=292,807 保險扣除=False ✓

[2351] 金額=819,395 保險扣除=False ✓

[2352] 金額=500,310 保險扣除=False ✓

[2353] 金額=350,000 保險扣除=False ✓

[2354] 金額=981,608 保險扣除=False ✓

[2355] 金額=602,140 保險扣除=True ✓

[2356] 金額=210,105 保險扣除=False ✓

[2357] 金額=900,000 保險扣除=False ✓

[2358] 金額=45,433 保險扣除=False ✓

[2359] 金額=301,857 保險扣除=False ✓

[2360] 金額=9,610,407 保險扣除=False ✓

[2361] 金額=399,250 保險扣除=False ✓

[2362] 金額=33,900 保險扣除=False ✓

[2363] 金額=781,322 保險扣除=False ✓

[2364] 金額=801,130 保險扣除=False ✓

[2365] 金額=578,777 保險扣除=False ✓

[2366] 金額=600,790 保險扣除=False ✓

[2367] 金額=68,000 保險扣除=False ✓

[2368] 金額=279,727 保險扣除=False ✓

[2369] 金額=335,590 保險扣除=False ✓

[2370] 金額=8,301 保險扣除=False ✓

[2371] 金額=530,400 保險扣除=False ✓

[2372] 金額=156,850 保險扣除=False ✓

[2373] 金額=725,720 保險扣除=False ✓

[2374] 金額=1,502,547 保險扣除=False ✓

[2375] 金額=35,000 保險扣除=False ✓

[2376] 金額=305,350 保險扣除=False ✓

[2377] 金額=522,695 保險扣除=False ✓

[2378] 金額=56,200 保險扣除=False ✓

[2379] 金額=638,009 保險扣除=False ✓

[2380] 金額=3,318,831 保險扣除=False ✓

[2381] 金額=250,000 保險扣除=False ✓

[2382] 金額=1,919,990 保險扣除=False ✓

[2383] 金額=723,958 保險扣除=False ✓

[2384] 金額=95,000 保險扣除=False ✓

[2385] 金額=4,867,163 保險扣除=False ✓

[2386] 金額=1,052,329 保險扣除=False ✓

[2387] 金額=100,000 保險扣除=False ✓

[2388] 金額=191,670 保險扣除=False ✓

[2389] 金額=372,430 保險扣除=False ✓

[2390] 金額=517,008 保險扣除=False ✓

[2391] 金額=1,594,219 保險扣除=False ✓

[2392] 金額=135,325 保險扣除=False ✓

[2393] 金額=1,532,337 保險扣除=True ✓

[2394] 金額=239,384 保險扣除=False ✓

[2395] 金額=386,756 保險扣除=False ✓

[2396] 金額=68,885 保險扣除=False ✓

[2397] 金額=429,099 保險扣除=False ✓

[2398] 金額=51,309 保險扣除=False ✓

[2399] 金額=64,400 保險扣除=False ✓

[2400] 金額=50,000 保險扣除=False ✓

[2401] 金額=1,323,937 保險扣除=False ✓

[2402] 金額=125,000 保險扣除=False ✓

[2403] 金額=1,584,500 保險扣除=False ✓

[2404] 金額=504,545 保險扣除=False ✓

[2405] 金額=1,097,183 保險扣除=False ✓

[2406] 金額=200,000 保險扣除=False ✓

[2407] 金額=100,000 保險扣除=False ✓

[2408] 金額=278,330 保險扣除=False ✓

[2409] 金額=1,852,873 保險扣除=True ✓

[2410] 金額=478,208 保險扣除=False ✓

[2411] 金額=502,217 保險扣除=False ✓

[2412] 金額=258,900 保險扣除=False ✓

[2413] 金額=323,695 保險扣除=False ✓

[2414] 金額=731,432 保險扣除=False ✓

[2415] 金額=2,212,636 保險扣除=False ✓

[2416] 金額=327,025 保險扣除=False ✓

[2417] 金額=517,730 保險扣除=False ✓

[2418] 金額=333,065 保險扣除=False ✓

[2419] 金額=292,910 保險扣除=False ✓

[2420] 金額=520,241 保險扣除=False ✓

[2421] 金額=849,510 保險扣除=False ✓

[2422] 金額=2,067,714 保險扣除=False ✓

[2423] 金額=442,307 保險扣除=False ✓

[2424] 金額=561,527 保險扣除=False ✓

[2425] 金額=42,260 保險扣除=False ✓

[2426] 金額=317,903 保險扣除=False ✓

[2427] 金額=200,500 保險扣除=False ✓

[2428] 金額=130,071 保險扣除=False ✓

[2429] 金額=99,200 保險扣除=False ✓

[2430] 金額=630,030 保險扣除=False ✓

[2431] 金額=37,431 保險扣除=False ✓

[2432] 金額=201,200 保險扣除=False ✓

[2433] 金額=1,068,904 保險扣除=False ✓

[2434] 金額=252,300 保險扣除=False ✓

[2435] 金額=49,595 保險扣除=False ✓

[2436] 金額=63,000 保險扣除=False ✓

[2437] 金額=291,700 保險扣除=False ✓

[2438] 金額=366,700 保險扣除=False ✓

[2439] 金額=150,000 保險扣除=False ✓

[2440] 金額=1,305,849 保險扣除=False ✓

[2441] 金額=234,499 保險扣除=False ✓

[2442] 金額=53,068 保險扣除=False ✓

[2443] 金額=176,134 保險扣除=False ✓

[2444] 金額=1,193,678 保險扣除=False ✓

[2445] 金額=103,500 保險扣除=False ✓

[2446] 金額=500,965 保險扣除=False ✓

[2447] 金額=200,000 保險扣除=False ✓

[2448] 金額=380,026 保險扣除=True ✓

[2449] 金額=33,250 保險扣除=True ✓

[2450] 金額=1,364,167 保險扣除=False ✓

[2451] 金額=12,343,569 保險扣除=False ✓

[2452] 金額=504,592 保險扣除=False ✓

[2453] 金額=227,340 保險扣除=False ✓

[2454] 金額=35,100 保險扣除=False ✓

[2455] 金額=475,027 保險扣除=False ✓

[2456] 金額=480,000 保險扣除=False ✓

[2457] 金額=1,300,000 保險扣除=False ✓

[2458] 金額=488,000 保險扣除=False ✓

[2459] 金額=496,425 保險扣除=False ✓

[2460] 金額=45,108 保險扣除=False ✓

[2461] 金額=1,438,850 保險扣除=False ✓

[2462] 金額=500,000 保險扣除=False ✓

[2463] 金額=1,281,839 保險扣除=False ✓

[2464] 金額=473,250 保險扣除=False ✓

[2465] 金額=771,219 保險扣除=True ✓

[2466] 金額=500,000 保險扣除=False ✓

[2467] 金額=750,000 保險扣除=False ✓

[2468] 金額=106,787 保險扣除=False ✓

[2469] 金額=505,201 保險扣除=False ✓

[2470] 金額=562,650 保險扣除=False ✓

[2471] 金額=55,146 保險扣除=False ✓

[2472] 金額=494,724 保險扣除=False ✓

[2473] 金額=2,488,255 保險扣除=False ✓

[2474] 金額=100,000 保險扣除=False ✓

[2475] 金額=18,700 保險扣除=False ✓

[2476] 金額=110,342 保險扣除=False ✓

[2477] 金額=526,147 保險扣除=False ✓

[2478] 金額=22,868 保險扣除=False ✓

[2479] 金額=53,780 保險扣除=False ✓

[2480] 金額=73,599 保險扣除=False ✓

[2481] 金額=338,526 保險扣除=False ✓

[2482] 金額=50,009 保險扣除=False ✓

[2483] 金額=195,710 保險扣除=False ✓

[2484] 金額=1,940,362 保險扣除=False ✓

[2485] 金額=50,000 保險扣除=False ✓

[2486] 金額=344,300 保險扣除=False ✓

[2487] 金額=347,844 保險扣除=False ✓

[2488] 金額=140,080 保險扣除=False ✓

[2489] 金額=80,000 保險扣除=False ✓

[2490] 金額=400,000 保險扣除=False ✓

[2491] 金額=375,394 保險扣除=False ✓

[2492] 金額=636,630 保險扣除=False ✓

[2493] 金額=72,390 保險扣除=False ✓

[2494] 金額=70,900 保險扣除=False ✓

[2495] 金額=54,200 保險扣除=False ✓

[2496] 金額=4,935,598 保險扣除=False ✓

[2497] 金額=600,000 保險扣除=False ✓

[2498] 金額=772,387 保險扣除=False ✓

[2499] 金額=28,850 保險扣除=False ✓

[2500] 金額=1,389,496 保險扣除=False ✓

[2501] 金額=1,282,396 保險扣除=False ✓

[2502] 金額=100,000 保險扣除=False ✓

[2503] 金額=17,052,800 保險扣除=False ✓

[2504] 金額=378,930 保險扣除=False ✓

[2505] 金額=236,700 保險扣除=False ✓

[2506] 金額=3,175,467 保險扣除=False ✓

[2507] 金額=153,910 保險扣除=False ✓

[2508] 金額=202,272 保險扣除=False ✓

[2509] 金額=1,761,169 保險扣除=False ✓

[2510] 金額=2,279,380 保險扣除=False ✓

[2511] 金額=485,004 保險扣除=False ✓

[2512] 金額=651,591 保險扣除=False ✓

[2513] 金額=560,634 保險扣除=False ✓

[2514] 金額=1,364,123 保險扣除=False ✓

[2515] 金額=120,000 保險扣除=False ✓

[2516] 金額=2,287,091 保險扣除=False ✓

[2517] 金額=588,680 保險扣除=False ✓

[2518] 金額=123,200 保險扣除=False ✓

[2519] 金額=1,224,258 保險扣除=False ✓

[2520] 金額=1,725,780 保險扣除=False ✓

[2521] 金額=63,325 保險扣除=False ✓

[2522] 金額=366,428 保險扣除=False ✓

[2523] 金額=567,157 保險扣除=False ✓

[2524] 金額=161,100 保險扣除=False ✓

[2525] 金額=1,381,308 保險扣除=True ✓

[2526] 金額=537,994 保險扣除=False ✓

[2527] 金額=31,000 保險扣除=False ✓

[2528] 金額=1,022,620 保險扣除=False ✓

[2529] 金額=2,998,817 保險扣除=False ✓

[2530] 金額=904,758 保險扣除=False ✓

[2531] 金額=4,947,978 保險扣除=True ✓

[2532] 金額=715,315 保險扣除=False ✓

[2533] 金額=206,434 保險扣除=False ✓

[2534] 金額=902,253 保險扣除=False ✓

[2535] 金額=571,240 保險扣除=False ✓

[2536] 金額=500,000 保險扣除=False ✓

[2537] 金額=875,120 保險扣除=False ✓

[2538] 金額=470,000 保險扣除=False ✓

[2539] 金額=954,096 保險扣除=False ✓

[2540] 金額=1,820,841 保險扣除=False ✓

[2541] 金額=525,827 保險扣除=False ✓

[2542] 金額=159,000 保險扣除=False ✓

[2543] 金額=550,667 保險扣除=False ✓

[2544] 金額=518,092 保險扣除=False ✓

[2545] 金額=700,000 保險扣除=False ✓

[2546] 金額=584,375 保險扣除=False ✓

[2547] 金額=644,343 保險扣除=False ✓

[2548] 金額=48,800 保險扣除=False ✓

[2549] 金額=166,970 保險扣除=False ✓

[2550] 金額=1,312,785 保險扣除=True ✓

[2551] 金額=500,000 保險扣除=False ✓

[2552] 金額=229,100 保險扣除=False ✓

[2553] 金額=145,766 保險扣除=False ✓

[2554] 金額=909,133 保險扣除=False ✓

[2555] 金額=17,600 保險扣除=False ✓

[2556] 金額=147,941 保險扣除=False ✓

[2557] 金額=43,008 保險扣除=False ✓

[2558] 金額=102,703 保險扣除=False ✓

[2559] 金額=155,070 保險扣除=False ✓

[2560] 金額=1,309,046 保險扣除=False ✓

[2561] 金額=208,583 保險扣除=False ✓

[2562] 金額=294,160 保險扣除=False ✓

[2563] 金額=43,800 保險扣除=False ✓

[2564] 金額=908,013 保險扣除=False ✓

[2565] 金額=161,944 保險扣除=False ✓

[2566] 金額=60,980 保險扣除=False ✓

[2567] 金額=106,655 保險扣除=False ✓

[2568] 金額=82,785 保險扣除=False ✓

[2569] 金額=1,500,387 保險扣除=False ✓

[2570] 金額=1,103,466 保險扣除=True ✓

[2571] 金額=1,155,082 保險扣除=False ✓

[2572] 金額=571,700 保險扣除=False ✓

[2573] 金額=100,000 保險扣除=False ✓

[2574] 金額=300,000 保險扣除=False ✓

[2575] 金額=50,000 保險扣除=False ✓

[2576] 金額=365,120 保險扣除=False ✓

[2577] 金額=649,625 保險扣除=False ✓

[2578] 金額=156,300 保險扣除=False ✓

[2579] 金額=358,887 保險扣除=False ✓

[2580] 金額=1,574,025 保險扣除=False ✓

[2581] 金額=4,744,782 保險扣除=False ✓

[2582] 金額=975,086 保險扣除=False ✓

[2583] 金額=21,600 保險扣除=False ✓

[2584] 金額=308,450 保險扣除=False ✓

[2585] 金額=1,747,331 保險扣除=False ✓

[2586] 金額=64,750 保險扣除=False ✓

[2587] 金額=1,103,657 保險扣除=True ✓

[2588] 金額=550,000 保險扣除=False ✓

[2589] 金額=405,099 保險扣除=False ✓

[2590] 金額=1,180,000 保險扣除=False ✓

[2591] 金額=46,585 保險扣除=False ✓

[2592] 金額=190,000 保險扣除=False ✓

[2593] 金額=593,784 保險扣除=True ✓

[2594] 金額=800,000 保險扣除=False ✓

[2595] 金額=204,440 保險扣除=False ✓

[2596] 金額=160,234 保險扣除=False ✓

[2597] 金額=2,112,054 保險扣除=False ✓

[2598] 金額=12,071 保險扣除=False ✓

[2599] 金額=160,700 保險扣除=False ✓

[2600] 金額=275,540 保險扣除=False ✓

[2601] 金額=90,900 保險扣除=False ✓

[2602] 金額=648,101 保險扣除=False ✓

[2603] 金額=159,366 保險扣除=False ✓

[2604] 金額=19,927 保險扣除=False ✓

[2605] 金額=2,030,079 保險扣除=False ✓

[2606] 金額=642,000 保險扣除=False ✓

[2607] 金額=700,000 保險扣除=False ✓

[2608] 金額=342,080 保險扣除=False ✓

[2609] 金額=1,725,330 保險扣除=False ✓

[2610] 金額=385,145 保險扣除=False ✓

[2611] 金額=249,211 保險扣除=False ✓

[2612] 金額=204,138 保險扣除=False ✓

[2613] 金額=1,351,748 保險扣除=False ✓

[2614] 金額=394,266 保險扣除=False ✓

[2615] 金額=5,742,865 保險扣除=False ✓

[2616] 金額=338,986 保險扣除=False ✓

[2617] 金額=30,885 保險扣除=False ✓

[2618] 金額=47,600 保險扣除=False ✓

[2619] 金額=639,365 保險扣除=False ✓

[2620] 金額=538,904 保險扣除=False ✓

[2621] 金額=556,356 保險扣除=True ✓

[2622] 金額=422,538 保險扣除=False ✓

[2623] 金額=1,454,549 保險扣除=False ✓

[2624] 金額=678,000 保險扣除=False ✓

[2625] 金額=228,384 保險扣除=False ✓

[2626] 金額=13,980 保險扣除=False ✓

[2627] 金額=540,000 保險扣除=False ✓

[2628] 金額=196,000 保險扣除=False ✓

[2629] 金額=3,310,598 保險扣除=False ✓

[2630] 金額=871,880 保險扣除=True ✓

[2631] 金額=442,102 保險扣除=False ✓

[2632] 金額=4,144,993 保險扣除=False ✓

[2633] 金額=3,197,140 保險扣除=False ✓

[2634] 金額=7,204,867 保險扣除=False ✓

[2635] 金額=192,739 保險扣除=False ✓

[2636] 金額=70,000 保險扣除=False ✓

[2637] 金額=387,340 保險扣除=False ✓

[2638] 金額=860,000 保險扣除=False ✓

[2639] 金額=206,290 保險扣除=False ✓

[2640] 金額=58,730 保險扣除=False ✓

[2641] 金額=587,685 保險扣除=False ✓

[2642] 金額=1,471,987 保險扣除=False ✓

[2643] 金額=153,220 保險扣除=False ✓

[2644] 金額=197,982 保險扣除=True ✓

[2645] 金額=2,246,101 保險扣除=False ✓

[2646] 金額=100,000 保險扣除=False ✓

[2647] 金額=98,800 保險扣除=False ✓

[2648] 金額=94,320 保險扣除=False ✓

[2649] 金額=758,116 保險扣除=False ✓

[2650] 金額=72,565 保險扣除=False ✓

[2651] 金額=1,240,000 保險扣除=False ✓

[2652] 金額=31,320 保險扣除=False ✓

[2653] 金額=180,000 保險扣除=False ✓

[2654] 金額=219,300 保險扣除=True ✓

[2655] 金額=2,575,050 保險扣除=False ✓

[2656] 金額=448,107 保險扣除=False ✓

[2657] 金額=268,020 保險扣除=False ✓

[2658] 金額=100,940 保險扣除=False ✓

[2659] 金額=432,360 保險扣除=False ✓

[2660] 金額=100,420 保險扣除=False ✓

[2661] 金額=2,122,395 保險扣除=False ✓

[2662] 金額=71,150 保險扣除=False ✓

[2663] 金額=67,860 保險扣除=True ✓

[2664] 金額=135,720 保險扣除=False ✓

[2665] 金額=764,012 保險扣除=False ✓

[2666] 金額=103,105 保險扣除=False ✓

[2667] 金額=200,000 保險扣除=False ✓

[2668] 金額=304,450 保險扣除=False ✓

[2669] 金額=983,460 保險扣除=False ✓

[2670] 金額=2,000,000 保險扣除=False ✓

[2671] 金額=79,270 保險扣除=False ✓

[2672] 金額=400,000 保險扣除=False ✓

[2673] 金額=120,000 保險扣除=False ✓

[2674] 金額=150,630 保險扣除=False ✓

[2675] 金額=729,400 保險扣除=False ✓

[2676] 金額=8,200 保險扣除=False ✓

[2677] 金額=120,000 保險扣除=False ✓

[2678] 金額=820,760 保險扣除=False ✓

[2679] 金額=20,000 保險扣除=False ✓

[2680] 金額=112,755 保險扣除=False ✓

[2681] 金額=386,932 保險扣除=False ✓

[2682] 金額=1,003,225 保險扣除=False ✓

[2683] 金額=9,386,000 保險扣除=False ✓

[2684] 金額=323,564 保險扣除=False ✓

[2685] 金額=2,620,000 保險扣除=True ✓

[2686] 金額=597,940 保險扣除=False ✓

[2687] 金額=185,000 保險扣除=False ✓

[2688] 金額=1,200,000 保險扣除=True ✓

[2689] 金額=200,000 保險扣除=False ✓

[2690] 金額=956,333 保險扣除=True ✓

[2691] 金額=624,320 保險扣除=False ✓

[2692] 金額=341,088 保險扣除=False ✓

[2693] 金額=275,329 保險扣除=False ✓

[2694] 金額=202,090 保險扣除=False ✓

[2695] 金額=18,329,077 保險扣除=False ✓

[2696] 金額=40,840 保險扣除=False ✓

[2697] 金額=882,948 保險扣除=False ✓

[2698] 金額=35,713 保險扣除=False ✓

[2699] 金額=674,511 保險扣除=False ✓

[2700] 金額=563,999 保險扣除=False ✓

[2701] 金額=104,800 保險扣除=False ✓

[2702] 金額=266,685 保險扣除=False ✓

[2703] 金額=128,332 保險扣除=True ✓

[2704] 金額=517,230 保險扣除=False ✓

[2705] 金額=988,874 保險扣除=False ✓

[2706] 金額=2,698,510 保險扣除=False ✓

[2707] 金額=30,000 保險扣除=False ✓

[2708] 金額=133,651 保險扣除=False ✓

[2709] 金額=558,060 保險扣除=False ✓

[2710] 金額=19,700 保險扣除=False ✓

[2711] 金額=130,000 保險扣除=False ✓

[2712] 金額=909,979 保險扣除=False ✓

[2713] 金額=1,644,000 保險扣除=True ✓

[2714] 金額=986,000 保險扣除=False ✓

[2715] 金額=428,060 保險扣除=False ✓

[2716] 金額=444,780 保險扣除=False ✓

[2717] 金額=106,999 保險扣除=False ✓

[2718] 金額=489,494 保險扣除=False ✓

[2719] 金額=167,890 保險扣除=False ✓

[2720] 金額=65,200 保險扣除=False ✓

[2721] 金額=1,802,110 保險扣除=False ✓

[2722] 金額=120,700 保險扣除=False ✓

[2723] 金額=519,704 保險扣除=False ✓

[2724] 金額=92,510 保險扣除=False ✓

[2725] 金額=1,071,381 保險扣除=False ✓

[2726] 金額=303,416 保險扣除=False ✓

[2727] 金額=1,010,550 保險扣除=False ✓

[2728] 金額=616,067 保險扣除=False ✓

[2729] 金額=65,940 保險扣除=True ✓

[2730] 金額=1,393,743 保險扣除=False ✓

[2731] 金額=689,501 保險扣除=False ✓

[2732] 金額=581,401 保險扣除=True ✓

[2733] 金額=897,033 保險扣除=False ✓

[2734] 金額=102,725 保險扣除=False ✓

[2735] 金額=102,875 保險扣除=False ✓

[2736] 金額=816,770 保險扣除=False ✓

[2737] 金額=398,652 保險扣除=True ✓

[2738] 金額=93,374 保險扣除=False ✓

[2739] 金額=50,000 保險扣除=False ✓

[2740] 金額=542,781 保險扣除=False ✓

[2741] 金額=20,000,000 保險扣除=True ✓

[2742] 金額=452,688 保險扣除=False ✓

[2743] 金額=164,040 保險扣除=False ✓

[2744] 金額=817,709 保險扣除=False ✓

[2745] 金額=1,134,914 保險扣除=False ✓

[2746] 金額=2,036,006 保險扣除=False ✓

[2747] 金額=1,722,872 保險扣除=False ✓

[2748] 金額=883,670 保險扣除=False ✓

[2749] 金額=293,800 保險扣除=False ✓

[2750] 金額=883,376 保險扣除=False ✓

[2751] 金額=178,724 保險扣除=False ✓

[2752] 金額=150,300 保險扣除=False ✓

[2753] 金額=5,000,000 保險扣除=False ✓

[2754] 金額=157,740 保險扣除=False ✓

[2755] 金額=165,385 保險扣除=True ✓

[2756] 金額=700,000 保險扣除=False ✓

[2757] 金額=155,750 保險扣除=False ✓

[2758] 金額=510,360 保險扣除=False ✓

[2759] 金額=73,000 保險扣除=False ✓

[2760] 金額=527,494 保險扣除=False ✓

[2761] 金額=767,615 保險扣除=False ✓

[2762] 金額=426,275 保險扣除=False ✓

[2763] 金額=160,000 保險扣除=False ✓

[2764] 金額=51,068 保險扣除=False ✓

[2765] 金額=538,158 保險扣除=False ✓

[2766] 金額=256,500 保險扣除=False ✓

[2767] 金額=100,000 保險扣除=False ✓

[2768] 金額=159,860 保險扣除=False ✓

[2769] 金額=189,269 保險扣除=False ✓

[2770] 金額=479,140 保險扣除=False ✓

[2771] 金額=100,000 保險扣除=False ✓

[2772] 金額=133,500 保險扣除=False ✓

[2773] 金額=50,000 保險扣除=False ✓

[2774] 金額=500,000 保險扣除=False ✓

[2775] 金額=164,725 保險扣除=False ✓

[2776] 金額=908,004 保險扣除=False ✓

[2777] 金額=536,804 保險扣除=False ✓

[2778] 金額=3,379,044 保險扣除=True ✓

[2779] 金額=618,200 保險扣除=False ✓

[2780] 金額=593,639 保險扣除=False ✓

[2781] 金額=602,240 保險扣除=False ✓

[2782] 金額=503,808 保險扣除=False ✓

[2783] 金額=788,694 保險扣除=False ✓

[2784] 金額=1,386,856 保險扣除=False ✓

[2785] 金額=231,212 保險扣除=False ✓

[2786] 金額=214,209 保險扣除=False ✓

[2787] 金額=494,068 保險扣除=True ✓

[2788] 金額=759,590 保險扣除=False ✓

[2789] 金額=50,000 保險扣除=False ✓

[2790] 金額=696,376 保險扣除=True ✓

[2791] 金額=293,632 保險扣除=False ✓

[2792] 金額=1,657,538 保險扣除=False ✓

[2793] 金額=838,208 保險扣除=False ✓

[2794] 金額=7,000,000 保險扣除=False ✓

[2795] 金額=122,900 保險扣除=False ✓

[2796] 金額=700,000 保險扣除=False ✓

[2797] 金額=320,984 保險扣除=False ✓

[2798] 金額=2,319,494 保險扣除=False ✓

[2799] 金額=477,416 保險扣除=False ✓

[2800] 金額=515,390 保險扣除=False ✓

[2801] 金額=1,402,270 保險扣除=False ✓

[2802] 金額=1,007,691 保險扣除=False ✓

[2803] 金額=120,945 保險扣除=False ✓

[2804] 金額=144,360 保險扣除=False ✓

[2805] 金額=1,213,735 保險扣除=False ✓

[2806] 金額=297,100 保險扣除=False ✓

[2807] 金額=894,650 保險扣除=False ✓

[2808] 金額=428,511 保險扣除=True ✓

[2809] 金額=120,000 保險扣除=False ✓

[2810] 金額=573,629 保險扣除=False ✓

[2811] 金額=965,026 保險扣除=False ✓

[2812] 金額=14,940 保險扣除=False ✓

[2813] 金額=406,014 保險扣除=False ✓

[2814] 金額=566,770 保險扣除=False ✓

[2815] 金額=988,902 保險扣除=False ✓

[2816] 金額=88,533 保險扣除=False ✓

[2817] 金額=3,908,025 保險扣除=False ✓

[2818] 金額=120,250 保險扣除=False ✓

[2819] 金額=2,812,000 保險扣除=False ✓

[2820] 金額=530,069 保險扣除=False ✓

[2821] 金額=500,888 保險扣除=False ✓

[2822] 金額=84,262 保險扣除=False ✓

[2823] 金額=49,280 保險扣除=False ✓

[2824] 金額=80,250 保險扣除=False ✓

[2825] 金額=1,030,094 保險扣除=False ✓

[2826] 金額=17,625,595 保險扣除=False ✓

[2827] 金額=540,622 保險扣除=True ✓

[2828] 金額=106,415 保險扣除=False ✓

[2829] 金額=500,000 保險扣除=False ✓

[2830] 金額=477,533 保險扣除=False ✓

[2831] 金額=50,900 保險扣除=False ✓

[2832] 金額=800,000 保險扣除=False ✓

[2833] 金額=2,982,721 保險扣除=False ✓

[2834] 金額=9,700 保險扣除=False ✓

[2835] 金額=257,950 保險扣除=False ✓

[2836] 金額=514,760 保險扣除=True ✓

[2837] 金額=400,000 保險扣除=False ✓

[2838] 金額=3,378,181 保險扣除=False ✓

[2839] 金額=502,710 保險扣除=False ✓

[2840] 金額=3,059,387 保險扣除=False ✓

[2841] 金額=15,600,000 保險扣除=False ✓

[2842] 金額=76,205 保險扣除=False ✓

[2843] 金額=340,255 保險扣除=False ✓

[2844] 金額=332,064 保險扣除=False ✓

[2845] 金額=722,680 保險扣除=False ✓

[2846] 金額=1,181,823 保險扣除=False ✓

[2847] 金額=33,500 保險扣除=False ✓

[2848] 金額=1,714,915 保險扣除=False ✓

[2849] 金額=40,850 保險扣除=False ✓

[2850] 金額=474,330 保險扣除=False ✓

[2851] 金額=181,452 保險扣除=False ✓

[2852] 金額=238,549 保險扣除=False ✓

[2853] 金額=354,540 保險扣除=False ✓

[2854] 金額=128,073 保險扣除=False ✓

[2855] 金額=896,325 保險扣除=False ✓

[2856] 金額=977,852 保險扣除=False ✓

[2857] 金額=270,000 保險扣除=False ✓

[2858] 金額=16,800 保險扣除=False ✓

[2859] 金額=2,018,000 保險扣除=False ✓

[2860] 金額=291,370 保險扣除=False ✓

[2861] 金額=598,297 保險扣除=False ✓

[2862] 金額=1,781,101 保險扣除=False ✓

[2863] 金額=516,635 保險扣除=False ✓

[2864] 金額=4,000,000 保險扣除=False ✓

[2865] 金額=203,900 保險扣除=True ✓

[2866] 金額=966,765 保險扣除=False ✓

[2867] 金額=800,000 保險扣除=False ✓

[2868] 金額=95,000 保險扣除=True ✓

[2869] 金額=1,316,840 保險扣除=False ✓

[2870] 金額=787,000 保險扣除=False ✓

[2871] 金額=555,192 保險扣除=False ✓

[2872] 金額=66,000 保險扣除=False ✓

[2873] 金額=5,636,405 保險扣除=False ✓

[2874] 金額=115,535 保險扣除=False ✓

[2875] 金額=2,940,036 保險扣除=True ✓

[2876] 金額=239,714 保險扣除=False ✓

[2877] 金額=179,130 保險扣除=False ✓

[2878] 金額=71,766 保險扣除=False ✓

[2879] 金額=1,459,024 保險扣除=False ✓

[2880] 金額=702,295 保險扣除=False ✓

[2881] 金額=28,652 保險扣除=False ✓

[2882] 金額=605,775 保險扣除=False ✓

[2883] 金額=205,730 保險扣除=False ✓

[2884] 金額=492,506 保險扣除=False ✓

[2885] 金額=156,720 保險扣除=False ✓

[2886] 金額=309,328 保險扣除=False ✓

[2887] 金額=804,913 保險扣除=True ✓

[2888] 金額=1,222,270 保險扣除=False ✓

[2889] 金額=400,000 保險扣除=False ✓

[2890] 金額=1,199,395 保險扣除=False ✓

[2891] 金額=350,000 保險扣除=False ✓

[2892] 金額=120,000 保險扣除=False ✓

[2893] 金額=260,067 保險扣除=False ✓

[2894] 金額=301,857 保險扣除=False ✓

[2895] 金額=91,526 保險扣除=False ✓

[2896] 金額=177,230 保險扣除=False ✓

[2897] 金額=116,220 保險扣除=False ✓

[2898] 金額=1,128,393 保險扣除=False ✓

[2899] 金額=550,000 保險扣除=False ✓

[2900] 金額=1,747,664 保險扣除=False ✓

[2901] 金額=248,220 保險扣除=False ✓

[2902] 金額=1,908,922 保險扣除=False ✓

[2903] 金額=84,100 保險扣除=False ✓

[2904] 金額=401,638 保險扣除=False ✓

[2905] 金額=276,754 保險扣除=False ✓

[2906] 金額=227,575 保險扣除=False ✓

[2907] 金額=993,455 保險扣除=False ✓

[2908] 金額=708,096 保險扣除=False ✓

[2909] 金額=329,768 保險扣除=False ✓

[2910] 金額=43,600 保險扣除=False ✓

[2911] 金額=109,058 保險扣除=False ✓

[2912] 金額=755,964 保險扣除=False ✓

[2913] 金額=669,150 保險扣除=False ✓

[2914] 金額=846,483 保險扣除=False ✓

[2915] 金額=613,350 保險扣除=False ✓

[2916] 金額=5,366,279 保險扣除=True ✓

[2917] 金額=88,854 保險扣除=False ✓

[2918] 金額=596,674 保險扣除=False ✓

[2919] 金額=145,381 保險扣除=False ✓

[2920] 金額=39,593 保險扣除=False ✓

[2921] 金額=477,714 保險扣除=False ✓

[2922] 金額=339,378 保險扣除=False ✓

[2923] 金額=2,501,649 保險扣除=True ✓

[2924] 金額=790,105 保險扣除=False ✓

[2925] 金額=604,432 保險扣除=False ✓

[2926] 金額=80,000 保險扣除=False ✓

[2927] 金額=464,860 保險扣除=False ✓

[2928] 金額=181,294 保險扣除=False ✓

[2929] 金額=5,033,090 保險扣除=False ✓

[2930] 金額=831,866 保險扣除=False ✓

[2931] 金額=42,900 保險扣除=False ✓

[2932] 金額=300,000 保險扣除=False ✓

[2933] 金額=528,433 保險扣除=True ✓

[2934] 金額=351,678 保險扣除=False ✓

[2935] 金額=45,465 保險扣除=False ✓

[2936] 金額=41,430 保險扣除=False ✓

[2937] 金額=48,000 保險扣除=True ✓

[2938] 金額=37,370 保險扣除=False ✓

[2939] 金額=1,399,091 保險扣除=False ✓

[2940] 金額=250,000 保險扣除=False ✓

[2941] 金額=600,538 保險扣除=False ✓

[2942] 金額=20,000 保險扣除=False ✓

[2943] 金額=150,000 保險扣除=False ✓

[2944] 金額=88,000 保險扣除=True ✓

[2945] 金額=178,292 保險扣除=True ✓

[2946] 金額=45,300 保險扣除=False ✓

[2947] 金額=351,070 保險扣除=False ✓

[2948] 金額=65,000 保險扣除=False ✓

[2949] 金額=744,961 保險扣除=False ✓

[2950] 金額=850,000 保險扣除=False ✓

[2951] 金額=210,665 保險扣除=False ✓

[2952] 金額=112,507 保險扣除=False ✓

[2953] 金額=732,200 保險扣除=False ✓

[2954] 金額=107,722 保險扣除=False ✓

[2955] 金額=462,233 保險扣除=False ✓

[2956] 金額=176,138 保險扣除=False ✓

[2957] 金額=5,081,039 保險扣除=False ✓

[2958] 金額=656,862 保險扣除=False ✓

[2959] 金額=1,387,706 保險扣除=False ✓

[2960] 金額=444,775 保險扣除=False ✓

[2961] 金額=346,316 保險扣除=False ✓

[2962] 金額=61,210 保險扣除=False ✓

[2963] 金額=59,000 保險扣除=False ✓

[2964] 金額=237,265 保險扣除=False ✓

[2965] 金額=800,651 保險扣除=False ✓

[2966] 金額=1,086,492 保險扣除=False ✓

[2967] 金額=19,000 保險扣除=False ✓

[2968] 金額=109,000 保險扣除=False ✓

[2969] 金額=205,911 保險扣除=False ✓

[2970] 金額=60,000 保險扣除=False ✓

[2971] 金額=15,000 保險扣除=False ✓

[2972] 金額=500,000 保險扣除=False ✓

[2973] 金額=366,956 保險扣除=False ✓

[2974] 金額=142,755 保險扣除=False ✓

[2975] 金額=1,122,687 保險扣除=False ✓

[2976] 金額=1,100,000 保險扣除=False ✓

[2977] 金額=147,418 保險扣除=False ✓

[2978] 金額=362,675 保險扣除=False ✓

[2979] 金額=498,000 保險扣除=False ✓

[2980] 金額=20,000 保險扣除=False ✓

[2981] 金額=351,341 保險扣除=False ✓

[2982] 金額=1,137,172 保險扣除=False ✓

[2983] 金額=1,272,330 保險扣除=False ✓

[2984] 金額=3,000,593 保險扣除=False ✓

[2985] 金額=661,741 保險扣除=False ✓

[2986] 金額=1,059,697 保險扣除=False ✓

[2987] 金額=2,800,000 保險扣除=False ✓

[2988] 金額=4,551,270 保險扣除=False ✓

[2989] 金額=2,864,250 保險扣除=False ✓

[2990] 金額=200,000 保險扣除=False ✓

[2991] 金額=798,445 保險扣除=False ✓

[2992] 金額=243,296 保險扣除=False ✓

[2993] 金額=195,620 保險扣除=False ✓

[2994] 金額=603,845 保險扣除=False ✓

[2995] 金額=526,752 保險扣除=False ✓

[2996] 金額=1,644,711 保險扣除=False ✓

[2997] 金額=199,655 保險扣除=False ✓

[2998] 金額=672,689 保險扣除=False ✓

[2999] 金額=811,010 保險扣除=False ✓

[3000] 金額=484,908 保險扣除=False ✓

[3001] 金額=281,536 保險扣除=False ✓

[3002] 金額=3,153,382 保險扣除=False ✓

[3003] 金額=776,649 保險扣除=False ✓

[3004] 金額=1,060,223 保險扣除=False ✓

[3005] 金額=177,920 保險扣除=False ✓

[3006] 金額=5,272,660 保險扣除=False ✓

[3007] 金額=459,542 保險扣除=True ✓

[3008] 金額=7,342,412 保險扣除=False ✓

[3009] 金額=88,524 保險扣除=False ✓

[3010] 金額=663,409 保險扣除=False ✓

[3011] 金額=258,212 保險扣除=False ✓

[3012] 金額=400,960 保險扣除=False ✓

[3013] 金額=940,213 保險扣除=False ✓

[3014] 金額=5,836,741 保險扣除=False ✓

[3015] 金額=869,803 保險扣除=False ✓

[3016] 金額=1,067,694 保險扣除=False ✓

[3017] 金額=404,115 保險扣除=False ✓

[3018] 金額=4,689,960 保險扣除=False ✓

[3019] 金額=1,000,000 保險扣除=False ✓

[3020] 金額=7,414,588 保險扣除=False ✓

[3021] 金額=2,902,875 保險扣除=False ✓

[3022] 金額=4,084,392 保險扣除=False ✓

[3023] 金額=579,349 保險扣除=True ✓

[3024] 金額=3,794,530 保險扣除=True ✓

[3025] 金額=910,124 保險扣除=False ✓

[3026] 金額=807,340 保險扣除=True ✓

[3027] 金額=741,098 保險扣除=True ✓

[3028] 金額=613,000 保險扣除=False ✓

[3029] 金額=324,774 保險扣除=False ✓

[3030] 金額=329,459 保險扣除=True ✓

[3031] 金額=2,857,552 保險扣除=False ✓

[3032] 金額=1,279,669 保險扣除=False ✓

[3033] 金額=800,000 保險扣除=False ✓

[3034] 金額=323,020 保險扣除=False ✓

[3035] 金額=614,335 保險扣除=False ✓

[3036] 金額=1,783,949 保險扣除=False ✓

[3037] 金額=357,836 保險扣除=False ✓

[3038] 金額=431,320 保險扣除=False ✓

[3039] 金額=518,042 保險扣除=False ✓

[3040] 金額=169,076 保險扣除=True ✓

[3041] 金額=855,166 保險扣除=False ✓

[3042] 金額=100,000 保險扣除=False ✓

[3043] 金額=61,409 保險扣除=False ✓

[3044] 金額=285,236 保險扣除=False ✓

[3045] 金額=1,010,504 保險扣除=False ✓

[3046] 金額=540,189 保險扣除=False ✓

[3047] 金額=276,870 保險扣除=False ✓

[3048] 金額=544,979 保險扣除=False ✓

[3049] 金額=504,180 保險扣除=False ✓

[3050] 金額=8,195,578 保險扣除=False ✓

[3051] 金額=291,282 保險扣除=False ✓

[3052] 金額=3,275,217 保險扣除=False ✓

[3053] 金額=474,495 保險扣除=False ✓

[3054] 金額=1,035,743 保險扣除=False ✓

[3055] 金額=1,255,029 保險扣除=False ✓

[3056] 金額=719,590 保險扣除=False ✓

[3057] 金額=266,352 保險扣除=False ✓

[3058] 金額=1,507,560 保險扣除=False ✓

[3059] 金額=380,220 保險扣除=False ✓

[3060] 金額=744,000 保險扣除=False ✓

[3061] 金額=589,561 保險扣除=False ✓

[3062] 金額=334,100 保險扣除=False ✓

[3063] 金額=2,964,548 保險扣除=False ✓

[3064] 金額=1,250,559 保險扣除=False ✓

[3065] 金額=70,340 保險扣除=False ✓

[3066] 金額=2,741,633 保險扣除=False ✓

[3067] 金額=124,490 保險扣除=False ✓

[3068] 金額=550,395 保險扣除=False ✓

[3069] 金額=269,045 保險扣除=False ✓

[3070] 金額=5,110,462 保險扣除=False ✓

[3071] 金額=1,048,000 保險扣除=False ✓

[3072] 金額=142,769 保險扣除=False ✓

[3073] 金額=3,380,394 保險扣除=True ✓

[3074] 金額=100,000 保險扣除=False ✓

[3075] 金額=445,552 保險扣除=False ✓

[3076] 金額=2,311,241 保險扣除=False ✓

[3077] 金額=1,683,500 保險扣除=False ✓

[3078] 金額=212,810 保險扣除=False ✓

[3079] 金額=312,709 保險扣除=False ✓

[3080] 金額=743,408 保險扣除=False ✓

[3081] 金額=1,098,686 保險扣除=False ✓

[3082] 金額=103,300 保險扣除=False ✓

[3083] 金額=832,911 保險扣除=False ✓

[3084] 金額=1,382,035 保險扣除=True ✓

[3085] 金額=935,448 保險扣除=False ✓

[3086] 金額=86,786 保險扣除=False ✓

[3087] 金額=250,109 保險扣除=False ✓

[3088] 金額=614,606 保險扣除=False ✓

[3089] 金額=2,440,271 保險扣除=False ✓

[3090] 金額=709,075 保險扣除=False ✓

[3091] 金額=478,000 保險扣除=False ✓

[3092] 金額=299,853 保險扣除=False ✓

[3093] 金額=591,966 保險扣除=False ✓

[3094] 金額=672,138 保險扣除=False ✓

[3095] 金額=648,000 保險扣除=False ✓

[3096] 金額=1,007,394 保險扣除=False ✓

[3097] 金額=799,810 保險扣除=False ✓

[3098] 金額=1,626,788 保險扣除=False ✓

[3099] 金額=2,707,769 保險扣除=False ✓

[3100] 金額=1,009,050 保險扣除=False ✓

[3101] 金額=1,559,628 保險扣除=False ✓

[3102] 金額=132,618 保險扣除=False ✓

[3103] 金額=194,062 保險扣除=False ✓

[3104] 金額=1,245,477 保險扣除=False ✓

[3105] 金額=1,687,635 保險扣除=True ✓

[3106] 金額=1,189,619 保險扣除=False ✓

[3107] 金額=9,083,877 保險扣除=False ✓

[3108] 金額=512,953 保險扣除=False ✓

[3109] 金額=79,510 保險扣除=False ✓

[3110] 金額=1,325,492 保險扣除=False ✓

[3111] 金額=370,000 保險扣除=False ✓

[3112] 金額=1,936,547 保險扣除=False ✓

[3113] 金額=687,755 保險扣除=False ✓

[3114] 金額=482,106 保險扣除=False ✓

[3115] 金額=546,909 保險扣除=False ✓

[3116] 金額=468,970 保險扣除=False ✓

[3117] 金額=504,029 保險扣除=False ✓

[3118] 金額=300,272 保險扣除=False ✓

[3119] 金額=158,606 保險扣除=False ✓

[3120] 金額=25,400 保險扣除=False ✓

[3121] 金額=1,695,412 保險扣除=False ✓

[3122] 金額=94,146 保險扣除=True ✓

[3123] 金額=329,143 保險扣除=False ✓

[3124] 金額=346,802 保險扣除=False ✓

[3125] 金額=252,780 保險扣除=False ✓

[3126] 金額=497,570 保險扣除=False ✓

[3127] 金額=2,946,798 保險扣除=False ✓

[3128] 金額=258,035 保險扣除=False ✓

[3129] 金額=42,019 保險扣除=False ✓

[3130] 金額=650,306 保險扣除=False ✓

[3131] 金額=1,964,128 保險扣除=False ✓

[3132] 金額=251,472 保險扣除=False ✓

[3133] 金額=14,735,491 保險扣除=False ✓

[3134] 金額=439,250 保險扣除=False ✓

[3135] 金額=1,443,000 保險扣除=False ✓

[3136] 金額=4,973,811 保險扣除=False ✓

[3137] 金額=1,235,765 保險扣除=False ✓

[3138] 金額=1,067,557 保險扣除=False ✓

[3139] 金額=144,940 保險扣除=False ✓

[3140] 金額=992,078 保險扣除=False ✓

[3141] 金額=948,417 保險扣除=False ✓

[3142] 金額=3,797,311 保險扣除=False ✓

[3143] 金額=835,895 保險扣除=False ✓

[3144] 金額=1,998,977 保險扣除=False ✓

[3145] 金額=71,129 保險扣除=False ✓

[3146] 金額=1,194,184 保險扣除=False ✓

[3147] 金額=1,819,314 保險扣除=False ✓

[3148] 金額=1,374,400 保險扣除=False ✓

[3149] 金額=525,515 保險扣除=False ✓

[3150] 金額=346,152 保險扣除=False ✓

[3151] 金額=800,836 保險扣除=False ✓

[3152] 金額=1,675,514 保險扣除=False ✓

[3153] 金額=34,330 保險扣除=False ✓

[3154] 金額=122,740 保險扣除=False ✓

[3155] 金額=242,042 保險扣除=False ✓

[3156] 金額=149,850 保險扣除=True ✓

[3157] 金額=875,616 保險扣除=False ✓

[3158] 金額=125,512 保險扣除=False ✓

[3159] 金額=1,343,306 保險扣除=False ✓

[3160] 金額=545,348 保險扣除=False ✓

[3161] 金額=1,038,395 保險扣除=False ✓

[3162] 金額=378,412 保險扣除=False ✓

[3163] 金額=229,453 保險扣除=False ✓

[3164] 金額=2,498,150 保險扣除=False ✓

[3165] 金額=135,351 保險扣除=False ✓

[3166] 金額=422,073 保險扣除=False ✓

[3167] 金額=922,786 保險扣除=False ✓

[3168] 金額=368,603 保險扣除=False ✓

[3169] 金額=5,434,979 保險扣除=False ✓

[3170] 金額=1,461,707 保險扣除=False ✓

[3171] 金額=1,006,270 保險扣除=False ✓

[3172] 金額=1,026,435 保險扣除=False ✓

[3173] 金額=243,348 保險扣除=True ✓

[3174] 金額=1,239,800 保險扣除=False ✓

[3175] 金額=248,670 保險扣除=False ✓

[3176] 金額=1,505,584 保險扣除=False ✓

[3177] 金額=90,397 保險扣除=False ✓

[3178] 金額=221,290 保險扣除=False ✓

[3179] 金額=2,171,025 保險扣除=False ✓

[3180] 金額=320,222 保險扣除=False ✓

[3181] 金額=5,468,042 保險扣除=False ✓

[3182] 金額=281,318 保險扣除=False ✓

[3183] 金額=4,000,000 保險扣除=False ✓

[3184] 金額=100,000 保險扣除=False ✓

[3185] 金額=491,959 保險扣除=False ✓

[3186] 金額=771,797 保險扣除=False ✓

[3187] 金額=4,368,728 保險扣除=False ✓

[3188] 金額=2,670,799 保險扣除=False ✓

[3189] 金額=800,000 保險扣除=False ✓

[3190] 金額=1,314,722 保險扣除=False ✓

[3191] 金額=1,495,006 保險扣除=False ✓

[3192] 金額=480,656 保險扣除=False ✓

[3193] 金額=504,930 保險扣除=False ✓

[3194] 金額=564,617 保險扣除=False ✓

[3195] 金額=90,457 保險扣除=False ✓

[3196] 金額=9,945,264 保險扣除=False ✓

[3197] 金額=475,959 保險扣除=False ✓

[3198] 金額=100,000 保險扣除=False ✓

[3199] 金額=1,544,114 保險扣除=False ✓

[3200] 金額=2,011,424 保險扣除=False ✓

[3201] 金額=4,568,209 保險扣除=False ✓

[3202] 金額=204,540 保險扣除=False ✓

[3203] 金額=52,526 保險扣除=False ✓

[3204] 金額=700,000 保險扣除=False ✓

[3205] 金額=2,675,072 保險扣除=False ✓

[3206] 金額=2,672,136 保險扣除=False ✓

[3207] 金額=549,591 保險扣除=True ✓

[3208] 金額=3,237,786 保險扣除=False ✓

[3209] 金額=660,648 保險扣除=False ✓

[3210] 金額=599,310 保險扣除=False ✓

[3211] 金額=141,755 保險扣除=False ✓

[3212] 金額=892,592 保險扣除=False ✓

[3213] 金額=806,432 保險扣除=False ✓

[3214] 金額=406,620 保險扣除=False ✓

[3215] 金額=2,613,932 保險扣除=False ✓

[3216] 金額=1,568,558 保險扣除=False ✓

[3217] 金額=45,430 保險扣除=False ✓

[3218] 金額=382,273 保險扣除=False ✓

[3219] 金額=464,081 保險扣除=False ✓

[3220] 金額=494,417 保險扣除=False ✓

[3221] 金額=1,111,500 保險扣除=False ✓

[3222] 金額=353,405 保險扣除=False ✓

[3223] 金額=300,648 保險扣除=False ✓

[3224] 金額=774,634 保險扣除=False ✓

[3225] 金額=3,850,443 保險扣除=False ✓

[3226] 金額=650,888 保險扣除=False ✓

[3227] 金額=582,750 保險扣除=False ✓

[3228] 金額=854,510 保險扣除=False ✓

[3229] 金額=1,582,584 保險扣除=False ✓

[3230] 金額=214,065 保險扣除=False ✓

[3231] 金額=245,686 保險扣除=False ✓

[3232] 金額=3,000,000 保險扣除=False ✓

[3233] 金額=535,308 保險扣除=False ✓

[3234] 金額=1,032,481 保險扣除=False ✓

[3235] 金額=15,420,825 保險扣除=False ✓

[3236] 金額=460,700 保險扣除=False ✓

[3237] 金額=736,050 保險扣除=False ✓

[3238] 金額=914,907 保險扣除=False ✓

[3239] 金額=2,950,938 保險扣除=False ✓

[3240] 金額=462,879 保險扣除=False ✓

[3241] 金額=1,360,000 保險扣除=False ✓

[3242] 金額=597,290 保險扣除=False ✓

[3243] 金額=2,230,517 保險扣除=False ✓

[3244] 金額=572,121 保險扣除=False ✓

[3245] 金額=1,490,973 保險扣除=False ✓

[3246] 金額=1,059,192 保險扣除=False ✓

[3247] 金額=240,000 保險扣除=False ✓

[3248] 金額=1,088,889 保險扣除=False ✓

[3249] 金額=468,000 保險扣除=False ✓

[3250] 金額=993,522 保險扣除=False ✓

[3251] 金額=7,024,000 保險扣除=False ✓

[3252] 金額=1,764,349 保險扣除=False ✓

[3253] 金額=439,168 保險扣除=False ✓

[3254] 金額=1,830,000 保險扣除=False ✓

[3255] 金額=643,282 保險扣除=False ✓

[3256] 金額=512,960 保險扣除=False ✓

[3257] 金額=1,343,956 保險扣除=False ✓

[3258] 金額=653,650 保險扣除=False ✓

[3259] 金額=67,405 保險扣除=False ✓

[3260] 金額=789,260 保險扣除=False ✓

[3261] 金額=14,005,362 保險扣除=False ✓

[3262] 金額=204,200 保險扣除=False ✓

[3263] 金額=524,938 保險扣除=False ✓

[3264] 金額=100,000 保險扣除=False ✓

[3265] 金額=969,803 保險扣除=True ✓

[3266] 金額=13,230,849 保險扣除=False ✓

[3267] 金額=4,987,967 保險扣除=False ✓

[3268] 金額=1,705,265 保險扣除=False ✓

[3269] 金額=1,118,550 保險扣除=False ✓

[3270] 金額=370,220 保險扣除=False ✓

[3271] 金額=132,153 保險扣除=False ✓

[3272] 金額=852,246 保險扣除=False ✓

[3273] 金額=503,166 保險扣除=False ✓

[3274] 金額=4,029,353 保險扣除=False ✓

[3275] 金額=3,674,947 保險扣除=False ✓

[3276] 金額=82,425 保險扣除=False ✓

[3277] 金額=1,911,012 保險扣除=False ✓

[3278] 金額=410,485 保險扣除=False ✓

[3279] 金額=2,088,062 保險扣除=False ✓

[3280] 金額=1,549,704 保險扣除=False ✓

[3281] 金額=159,070 保險扣除=False ✓

[3282] 金額=280,000 保險扣除=False ✓

[3283] 金額=1,482,716 保險扣除=False ✓

[3284] 金額=5,642,918 保險扣除=False ✓

[3285] 金額=1,634,677 保險扣除=False ✓

[3286] 金額=249,750 保險扣除=False ✓

[3287] 金額=45,095 保險扣除=False ✓

[3288] 金額=1,627,670 保險扣除=False ✓

[3289] 金額=200,000 保險扣除=False ✓

[3290] 金額=375,975 保險扣除=False ✓

[3291] 金額=201,075 保險扣除=False ✓

[3292] 金額=104,210 保險扣除=False ✓

[3293] 金額=3,000,000 保險扣除=False ✓

[3294] 金額=976,582 保險扣除=False ✓

[3295] 金額=734,763 保險扣除=False ✓

[3296] 金額=796,960 保險扣除=False ✓

[3297] 金額=12,523,321 保險扣除=False ✓

[3298] 金額=1,125,420 保險扣除=False ✓

[3299] 金額=319,740 保險扣除=False ✓

[3300] 金額=101,800 保險扣除=False ✓

[3301] 金額=2,025,630 保險扣除=False ✓

[3302] 金額=2,090,885 保險扣除=False ✓

[3303] 金額=233,980 保險扣除=False ✓

[3304] 金額=1,349,055 保險扣除=False ✓

[3305] 金額=728,200 保險扣除=False ✓

[3306] 金額=915,895 保險扣除=False ✓

[3307] 金額=2,905,570 保險扣除=False ✓

[3308] 金額=847,160 保險扣除=False ✓

[3309] 金額=1,071,137 保險扣除=False ✓

[3310] 金額=198,000 保險扣除=False ✓

[3311] 金額=802,663 保險扣除=False ✓

[3312] 金額=2,738,103 保險扣除=False ✓

[3313] 金額=349,875 保險扣除=False ✓

[3314] 金額=604,075 保險扣除=False ✓

[3315] 金額=677,557 保險扣除=False ✓

[3316] 金額=727,553 保險扣除=False ✓

[3317] 金額=124,000 保險扣除=False ✓

[3318] 金額=3,218,162 保險扣除=False ✓

[3319] 金額=2,388,953 保險扣除=False ✓

[3320] 金額=3,355,890 保險扣除=False ✓

[3321] 金額=800,000 保險扣除=False ✓

[3322] 金額=309,698 保險扣除=False ✓

[3323] 金額=947,150 保險扣除=False ✓

[3324] 金額=508,543 保險扣除=False ✓

[3325] 金額=67,090 保險扣除=False ✓

[3326] 金額=415,948 保險扣除=False ✓

[3327] 金額=146,400 保險扣除=False ✓

[3328] 金額=412,030 保險扣除=False ✓

[3329] 金額=1,648,600 保險扣除=False ✓

[3330] 金額=1,062,030 保險扣除=False ✓

[3331] 金額=500,000 保險扣除=False ✓

[3332] 金額=823,922 保險扣除=False ✓

[3333] 金額=408,965 保險扣除=False ✓

[3334] 金額=2,352,946 保險扣除=False ✓

[3335] 金額=800,000 保險扣除=False ✓

[3336] 金額=114,400 保險扣除=True ✓

[3337] 金額=362,051 保險扣除=False ✓

[3338] 金額=712,907 保險扣除=False ✓

[3339] 金額=33,058,492 保險扣除=False ✓

[3340] 金額=1,885,407 保險扣除=False ✓

[3341] 金額=100,000 保險扣除=False ✓

[3342] 金額=457,800 保險扣除=False ✓

[3343] 金額=989,181 保險扣除=False ✓

[3344] 金額=297,009 保險扣除=False ✓

[3345] 金額=536,880 保險扣除=False ✓

[3346] 金額=738,177 保險扣除=False ✓

[3347] 金額=339,840 保險扣除=False ✓

[3348] 金額=304,400 保險扣除=False ✓

[3349] 金額=229,560 保險扣除=False ✓

[3350] 金額=161,191 保險扣除=False ✓

[3351] 金額=805,324 保險扣除=True ✓

[3352] 金額=492,010 保險扣除=False ✓

[3353] 金額=471,027 保險扣除=False ✓

[3354] 金額=1,867,039 保險扣除=False ✓

[3355] 金額=735,578 保險扣除=False ✓

[3356] 金額=3,908,904 保險扣除=False ✓

[3357] 金額=579,012 保險扣除=False ✓

[3358] 金額=590,282 保險扣除=True ✓

[3359] 金額=391,110 保險扣除=False ✓

[3360] 金額=2,005,763 保險扣除=False ✓

[3361] 金額=5,370,973 保險扣除=False ✓

[3362] 金額=221,264 保險扣除=False ✓

[3363] 金額=4,182,775 保險扣除=False ✓

[3364] 金額=1,459,326 保險扣除=False ✓

[3365] 金額=901,619 保險扣除=False ✓

[3366] 金額=2,181,549 保險扣除=False ✓

[3367] 金額=1,307,750 保險扣除=False ✓

[3368] 金額=2,699,739 保險扣除=False ✓

[3369] 金額=297,770 保險扣除=True ✓

[3370] 金額=600,640 保險扣除=False ✓

[3371] 金額=48,330 保險扣除=False ✓

[3372] 金額=1,067,589 保險扣除=False ✓

[3373] 金額=186,600 保險扣除=False ✓

[3374] 金額=171,617 保險扣除=False ✓

[3375] 金額=1,133,050 保險扣除=False ✓

[3376] 金額=608,790 保險扣除=False ✓

[3377] 金額=581,484 保險扣除=False ✓

[3378] 金額=1,575,735 保險扣除=False ✓

[3379] 金額=811,858 保險扣除=False ✓

[3380] 金額=246,290 保險扣除=False ✓

[3381] 金額=310,030 保險扣除=False ✓

[3382] 金額=256,346 保險扣除=False ✓

[3383] 金額=369,358 保險扣除=False ✓

[3384] 金額=1,874,720 保險扣除=False ✓

[3385] 金額=1,070,733 保險扣除=False ✓

[3386] 金額=78,060 保險扣除=False ✓

[3387] 金額=2,028,183 保險扣除=False ✓

[3388] 金額=689,482 保險扣除=False ✓

[3389] 金額=301,673 保險扣除=False ✓

[3390] 金額=97,161 保險扣除=False ✓

[3391] 金額=500,000 保險扣除=False ✓

[3392] 金額=929,275 保險扣除=False ✓

[3393] 金額=122,091 保險扣除=False ✓

[3394] 金額=1,567,611 保險扣除=False ✓

[3395] 金額=1,430,225 保險扣除=False ✓

[3396] 金額=705,415 保險扣除=False ✓

[3397] 金額=109,980 保險扣除=False ✓

[3398] 金額=487,253 保險扣除=False ✓

[3399] 金額=724,423 保險扣除=False ✓

[3400] 金額=34,150 保險扣除=False ✓

[3401] 金額=750,777 保險扣除=False ✓

[3402] 金額=109,261 保險扣除=False ✓

[3403] 金額=425,740 保險扣除=False ✓

[3404] 金額=995,624 保險扣除=False ✓

[3405] 金額=157,191 保險扣除=False ✓

[3406] 金額=176,050 保險扣除=False ✓

[3407] 金額=2,609,423 保險扣除=False ✓

[3408] 金額=2,305,522 保險扣除=False ✓

[3409] 金額=2,472,003 保險扣除=False ✓

[3410] 金額=4,176,652 保險扣除=False ✓

[3411] 金額=433,849 保險扣除=False ✓

[3412] 金額=1,231,687 保險扣除=False ✓

[3413] 金額=1,824,913 保險扣除=False ✓

[3414] 金額=498,177 保險扣除=False ✓

[3415] 金額=148,600 保險扣除=False ✓

[3416] 金額=562,576 保險扣除=False ✓

[3417] 金額=727,040 保險扣除=False ✓

[3418] 金額=857,180 保險扣除=False ✓

[3419] 金額=207,790 保險扣除=False ✓

[3420] 金額=100,000 保險扣除=False ✓

[3421] 金額=5,962,600 保險扣除=False ✓

[3422] 金額=293,950 保險扣除=False ✓

[3423] 金額=681,000 保險扣除=False ✓

[3424] 金額=2,072,048 保險扣除=False ✓

[3425] 金額=642,180 保險扣除=False ✓

[3426] 金額=1,227,209 保險扣除=False ✓

[3427] 金額=1,573,203 保險扣除=False ✓

[3428] 金額=970,889 保險扣除=False ✓

[3429] 金額=734,473 保險扣除=False ✓

[3430] 金額=398,613 保險扣除=False ✓

[3431] 金額=93,163 保險扣除=False ✓

[3432] 金額=927,472 保險扣除=False ✓

[3433] 金額=627,932 保險扣除=False ✓

[3434] 金額=1,858,984 保險扣除=False ✓

[3435] 金額=630,865 保險扣除=False ✓

[3436] 金額=1,258,694 保險扣除=False ✓

[3437] 金額=477,000 保險扣除=True ✓

[3438] 金額=37,880 保險扣除=False ✓

[3439] 金額=1,510,674 保險扣除=False ✓

[3440] 金額=1,001,000,820 保險扣除=False ✓

[3441] 金額=2,000,000 保險扣除=False ✓

[3442] 金額=7,514,262 保險扣除=True ✓

[3443] 金額=552,706 保險扣除=False ✓

[3444] 金額=351,333 保險扣除=False ✓

[3445] 金額=1,861,674 保險扣除=False ✓

[3446] 金額=680,140 保險扣除=False ✓

[3447] 金額=1,340,929 保險扣除=False ✓

[3448] 金額=772,355 保險扣除=False ✓

[3449] 金額=992,701 保險扣除=True ✓

[3450] 金額=595,945 保險扣除=False ✓

[3451] 金額=1,691,380 保險扣除=False ✓

[3452] 金額=1,484,647 保險扣除=False ✓

[3453] 金額=510,566 保險扣除=False ✓

[3454] 金額=701,147 保險扣除=False ✓

[3455] 金額=82,710 保險扣除=False ✓

[3456] 金額=1,043,532 保險扣除=False ✓

[3457] 金額=574,465 保險扣除=False ✓

[3458] 金額=1,027,183 保險扣除=False ✓

[3459] 金額=156,350 保險扣除=False ✓

[3460] 金額=1,147,511 保險扣除=False ✓

[3461] 金額=316,777 保險扣除=False ✓

[3462] 金額=700,000 保險扣除=False ✓

[3463] 金額=101,579 保險扣除=False ✓

[3464] 金額=63,190 保險扣除=False ✓

[3465] 金額=442,236 保險扣除=False ✓

[3466] 金額=138,387 保險扣除=False ✓

[3467] 金額=536,177 保險扣除=False ✓

[3468] 金額=804,930 保險扣除=False ✓

[3469] 金額=934,891 保險扣除=False ✓

[3470] 金額=392,517 保險扣除=False ✓

[3471] 金額=2,174,863 保險扣除=False ✓

[3472] 金額=1,212,677 保險扣除=False ✓

[3473] 金額=1,765,561 保險扣除=False ✓

[3474] 金額=1,291,613 保險扣除=False ✓

[3475] 金額=1,617,686 保險扣除=False ✓

[3476] 金額=468,710 保險扣除=False ✓

[3477] 金額=646,226 保險扣除=False ✓

[3478] 金額=2,766,429 保險扣除=False ✓

[3479] 金額=730,332 保險扣除=False ✓

[3480] 金額=5,890,020 保險扣除=False ✓

[3481] 金額=590,000 保險扣除=False ✓

[3482] 金額=768,978 保險扣除=False ✓

[3483] 金額=790,644 保險扣除=False ✓

[3484] 金額=800,000 保險扣除=False ✓

[3485] 金額=200,670 保險扣除=False ✓

[3486] 金額=808,886 保險扣除=False ✓

[3487] 金額=1,337,151 保險扣除=False ✓

[3488] 金額=854,901 保險扣除=False ✓

[3489] 金額=108,346 保險扣除=False ✓

[3490] 金額=924,356 保險扣除=False ✓

[3491] 金額=366,640 保險扣除=False ✓

[3492] 金額=844,340 保險扣除=False ✓

[3493] 金額=1,932,000 保險扣除=False ✓

[3494] 金額=919,198 保險扣除=False ✓

[3495] 金額=3,458,297 保險扣除=False ✓

[3496] 金額=4,028,230 保險扣除=False ✓

[3497] 金額=898,817 保險扣除=False ✓

[3498] 金額=267,941 保險扣除=False ✓

[3499] 金額=823,104 保險扣除=False ✓

[3500] 金額=784,585 保險扣除=False ✓

[3501] 金額=438,800 保險扣除=False ✓

[3502] 金額=500,938 保險扣除=False ✓

[3503] 金額=1,030,528 保險扣除=False ✓

[3504] 金額=1,765,487 保險扣除=False ✓

[3505] 金額=1,300,412 保險扣除=False ✓

[3506] 金額=1,294,068 保險扣除=False ✓

[3507] 金額=1,859,310 保險扣除=False ✓

[3508] 金額=410,103 保險扣除=False ✓

[3509] 金額=7,574,442 保險扣除=False ✓

[3510] 金額=307,766 保險扣除=False ✓

[3511] 金額=1,300,000 保險扣除=False ✓

[3512] 金額=303,101 保險扣除=False ✓

[3513] 金額=99,875 保險扣除=False ✓

[3514] 金額=101,700 保險扣除=False ✓

[3515] 金額=1,096,770 保險扣除=False ✓

[3516] 金額=541,871 保險扣除=False ✓

[3517] 金額=359,028 保險扣除=False ✓

[3518] 金額=1,112,015 保險扣除=False ✓

[3519] 金額=3,323,130 保險扣除=False ✓

[3520] 金額=5,000,000 保險扣除=False ✓

[3521] 金額=1,075,169 保險扣除=False ✓

[3522] 金額=584,491 保險扣除=False ✓

[3523] 金額=493,745 保險扣除=False ✓

[3524] 金額=524,616 保險扣除=False ✓

[3525] 金額=653,000 保險扣除=False ✓

[3526] 金額=8,600,000 保險扣除=False ✓

[3527] 金額=186,500 保險扣除=False ✓

[3528] 金額=491,974 保險扣除=False ✓

[3529] 金額=804,590 保險扣除=False ✓

[3530] 金額=639,541 保險扣除=False ✓

[3531] 金額=3,450,334 保險扣除=False ✓

[3532] 金額=846,376 保險扣除=False ✓

[3533] 金額=4,413,920 保險扣除=False ✓

[3534] 金額=1,626,779 保險扣除=False ✓

[3535] 金額=862,925 保險扣除=False ✓

[3536] 金額=812,874 保險扣除=False ✓

[3537] 金額=4,877,664 保險扣除=False ✓

[3538] 金額=906,177 保險扣除=False ✓

[3539] 金額=1,913,891 保險扣除=True ✓

[3540] 金額=1,201,105 保險扣除=False ✓

[3541] 金額=537,630 保險扣除=False ✓

[3542] 金額=415,009 保險扣除=False ✓

[3543] 金額=492,000 保險扣除=False ✓

[3544] 金額=153,116 保險扣除=False ✓

[3545] 金額=983,740 保險扣除=False ✓

[3546] 金額=504,522 保險扣除=False ✓

[3547] 金額=1,264,463 保險扣除=False ✓

[3548] 金額=1,803,276 保險扣除=False ✓

[3549] 金額=3,451,726 保險扣除=False ✓

[3550] 金額=568,200 保險扣除=False ✓

[3551] 金額=985,094 保險扣除=False ✓

[3552] 金額=87,470 保險扣除=False ✓

[3553] 金額=838,993 保險扣除=False ✓

[3554] 金額=3,029,639 保險扣除=False ✓

[3555] 金額=145,630 保險扣除=False ✓

[3556] 金額=5,308,456 保險扣除=False ✓

[3557] 金額=267,500 保險扣除=False ✓

[3558] 金額=1,578,994 保險扣除=False ✓

[3559] 金額=2,000,000 保險扣除=False ✓

[3560] 金額=453,024 保險扣除=False ✓

[3561] 金額=216,900 保險扣除=False ✓

[3562] 金額=13,402,446 保險扣除=False ✓

[3563] 金額=1,833,850 保險扣除=False ✓

[3564] 金額=1,311,058 保險扣除=False ✓

[3565] 金額=1,319,630 保險扣除=False ✓

[3566] 金額=944,168 保險扣除=False ✓

[3567] 金額=540,988 保險扣除=False ✓

[3568] 金額=1,991,003 保險扣除=False ✓

[3569] 金額=1,369,034 保險扣除=False ✓

[3570] 金額=1,748,388 保險扣除=False ✓

[3571] 金額=1,141,243 保險扣除=False ✓

[3572] 金額=128,926 保險扣除=False ✓

[3573] 金額=1,028,407 保險扣除=False ✓

[3574] 金額=230,242 保險扣除=False ✓

[3575] 金額=331,200 保險扣除=False ✓

[3576] 金額=915,056 保險扣除=False ✓

[3577] 金額=399,166 保險扣除=False ✓

[3578] 金額=363,839 保險扣除=False ✓

[3579] 金額=426,680 保險扣除=False ✓

[3580] 金額=955,103 保險扣除=False ✓

[3581] 金額=1,125,164 保險扣除=False ✓

[3582] 金額=1,001,480 保險扣除=False ✓

[3583] 金額=58,000 保險扣除=True ✓

[3584] 金額=784,221 保險扣除=False ✓

[3585] 金額=13,949,046 保險扣除=False ✓

[3586] 金額=1,095,230 保險扣除=False ✓

[3587] 金額=64,930 保險扣除=False ✓

[3588] 金額=145,551 保險扣除=False ✓

[3589] 金額=301,875 保險扣除=False ✓

[3590] 金額=276,094 保險扣除=False ✓

[3591] 金額=378,895 保險扣除=False ✓

[3592] 金額=14,341,583 保險扣除=False ✓

[3593] 金額=1,110,929 保險扣除=False ✓

[3594] 金額=1,338,492 保險扣除=False ✓

[3595] 金額=1,716,545 保險扣除=False ✓

[3596] 金額=300,000 保險扣除=False ✓

[3597] 金額=289,096 保險扣除=False ✓

[3598] 金額=3,002,703 保險扣除=False ✓

[3599] 金額=543,381 保險扣除=False ✓

[3600] 金額=1,036,138 保險扣除=False ✓

[3601] 金額=6,209,998 保險扣除=False ✓

[3602] 金額=1,197,710 保險扣除=False ✓

[3603] 金額=2,176,500 保險扣除=False ✓

[3604] 金額=1,604,687 保險扣除=False ✓

[3605] 金額=1,784,246 保險扣除=False ✓

[3606] 金額=774,860 保險扣除=False ✓

[3607] 金額=1,084,507 保險扣除=False ✓

[3608] 金額=1,332,472 保險扣除=False ✓

[3609] 金額=11,836,261 保險扣除=False ✓

[3610] 金額=73,325 保險扣除=False ✓

[3611] 金額=888,428 保險扣除=False ✓

[3612] 金額=1,623,114 保險扣除=False ✓

[3613] 金額=717,460 保險扣除=False ✓

[3614] 金額=508,675 保險扣除=False ✓

[3615] 金額=1,149,262 保險扣除=False ✓

[3616] 金額=3,931,584 保險扣除=False ✓

[3617] 金額=3,999,684 保險扣除=False ✓

[3618] 金額=840,577 保險扣除=False ✓

[3619] 金額=885,234 保險扣除=True ✓

[3620] 金額=736,770 保險扣除=False ✓

[3621] 金額=1,072,585 保險扣除=False ✓

[3622] 金額=1,468,677 保險扣除=False ✓

[3623] 金額=326,171 保險扣除=False ✓

[3624] 金額=531,012 保險扣除=False ✓

[3625] 金額=1,396,520 保險扣除=True ✓

[3626] 金額=495,003 保險扣除=False ✓

[3627] 金額=949,712 保險扣除=False ✓

[3628] 金額=14,563,535 保險扣除=False ✓

[3629] 金額=2,449,064 保險扣除=False ✓

[3630] 金額=124,698 保險扣除=False ✓

[3631] 金額=14,330,119 保險扣除=False ✓

[3632] 金額=420,712 保險扣除=False ✓

[3633] 金額=202,494 保險扣除=False ✓

[3634] 金額=297,955 保險扣除=False ✓

[3635] 金額=760,931 保險扣除=False ✓

[3636] 金額=724,347 保險扣除=False ✓

[3637] 金額=292,028 保險扣除=False ✓

[3638] 金額=1,270,804 保險扣除=False ✓

[3639] 金額=808,913 保險扣除=False ✓

[3640] 金額=1,298,400 保險扣除=False ✓

[3641] 金額=12,424,313 保險扣除=False ✓

[3642] 金額=123,775 保險扣除=False ✓

[3643] 金額=276,671 保險扣除=True ✓

[3644] 金額=2,639,189 保險扣除=False ✓

[3645] 金額=4,967,159 保險扣除=False ✓

[3646] 金額=725,654 保險扣除=False ✓

[3647] 金額=481,810 保險扣除=False ✓

[3648] 金額=555,710 保險扣除=False ✓

[3649] 金額=812,522 保險扣除=False ✓

[3650] 金額=31,234,104 保險扣除=False ✓

[3651] 金額=367,700 保險扣除=False ✓

[3652] 金額=31,520,182 保險扣除=False ✓

[3653] 金額=484,702 保險扣除=False ✓

[3654] 金額=3,685,031 保險扣除=False ✓

[3655] 金額=123,380 保險扣除=False ✓

[3656] 金額=5,480,475 保險扣除=False ✓

[3657] 金額=856,262 保險扣除=False ✓

[3658] 金額=29,157 保險扣除=False ✓

[3659] 金額=856,462 保險扣除=False ✓

[3660] 金額=1,200,000 保險扣除=False ✓

[3661] 金額=1,300,613 保險扣除=False ✓

[3662] 金額=299,706 保險扣除=False ✓

[3663] 金額=1,437,045 保險扣除=False ✓

[3664] 金額=736,255 保險扣除=False ✓

[3665] 金額=210,255 保險扣除=False ✓

[3666] 金額=694,834 保險扣除=False ✓

[3667] 金額=177,856 保險扣除=False ✓

[3668] 金額=562,147 保險扣除=False ✓

[3669] 金額=107,632 保險扣除=True ✓

[3670] 金額=723,327 保險扣除=False ✓

[3671] 金額=1,701,572 保險扣除=False ✓

[3672] 金額=152,002 保險扣除=False ✓

[3673] 金額=1,400,005 保險扣除=False ✓

[3674] 金額=1,061,330 保險扣除=False ✓

[3675] 金額=259,530 保險扣除=False ✓

[3676] 金額=2,984,843 保險扣除=False ✓

[3677] 金額=158,000 保險扣除=False ✓

[3678] 金額=1,480,570 保險扣除=False ✓

[3679] 金額=820,936 保險扣除=False ✓

[3680] 金額=516,536 保險扣除=False ✓

[3681] 金額=1,727,438 保險扣除=False ✓

[3682] 金額=942,200 保險扣除=False ✓

[3683] 金額=1,891,341 保險扣除=False ✓

[3684] 金額=451,591 保險扣除=False ✓

[3685] 金額=14,935,545 保險扣除=False ✓

[3686] 金額=1,558,104 保險扣除=False ✓

[3687] 金額=1,559,000 保險扣除=False ✓

[3688] 金額=920,000 保險扣除=False ✓

[3689] 金額=2,153,170 保險扣除=False ✓

[3690] 金額=519,059 保險扣除=False ✓

[3691] 金額=247,991 保險扣除=False ✓

[3692] 金額=10,606,319 保險扣除=False ✓

[3693] 金額=266,760 保險扣除=False ✓

[3694] 金額=29,064,694 保險扣除=False ✓

[3695] 金額=3,942,000 保險扣除=False ✓

[3696] 金額=614,729 保險扣除=False ✓

[3697] 金額=9,510,937 保險扣除=False ✓

[3698] 金額=1,431,497 保險扣除=False ✓

[3699] 金額=790,180 保險扣除=False ✓

[3700] 金額=8,593,143 保險扣除=False ✓

[3701] 金額=469,307 保險扣除=False ✓

[3702] 金額=362,389 保險扣除=False ✓

[3703] 金額=669,298 保險扣除=False ✓

[3704] 金額=5,001,284 保險扣除=False ✓

[3705] 金額=101,100 保險扣除=False ✓

[3706] 金額=902,315 保險扣除=False ✓

[3707] 金額=542,855 保險扣除=False ✓

[3708] 金額=218,000 保險扣除=False ✓

[3709] 金額=785,643 保險扣除=True ✓

[3710] 金額=696,800 保險扣除=False ✓

[3711] 金額=457,301 保險扣除=False ✓

[3712] 金額=390,881 保險扣除=False ✓

[3713] 金額=2,710,240 保險扣除=False ✓

[3714] 金額=1,472,490 保險扣除=False ✓

[3715] 金額=1,620,995 保險扣除=False ✓

[3716] 金額=870,298 保險扣除=False ✓

[3717] 金額=1,223,470 保險扣除=False ✓

[3718] 金額=528,318 保險扣除=False ✓

[3719] 金額=613,732 保險扣除=False ✓

[3720] 金額=383,000 保險扣除=False ✓

[3721] 金額=1,023,029 保險扣除=False ✓

[3722] 金額=7,902,625 保險扣除=False ✓

[3723] 金額=616,638 保險扣除=False ✓

[3724] 金額=152,000 保險扣除=False ✓

[3725] 金額=1,619,089 保險扣除=False ✓

[3726] 金額=568,592 保險扣除=False ✓

[3727] 金額=736,990 保險扣除=False ✓

[3728] 金額=1,028,000 保險扣除=False ✓

[3729] 金額=130,550 保險扣除=False ✓

[3730] 金額=157,259 保險扣除=False ✓

[3731] 金額=1,113,700 保險扣除=False ✓

[3732] 金額=413,662 保險扣除=False ✓

[3733] 金額=394,400 保險扣除=False ✓

[3734] 金額=1,551,436 保險扣除=False ✓

[3735] 金額=224,900 保險扣除=False ✓

[3736] 金額=185,700 保險扣除=False ✓

[3737] 金額=667,069 保險扣除=False ✓

[3738] 金額=93,610 保險扣除=False ✓

[3739] 金額=600,000 保險扣除=False ✓

[3740] 金額=267,404 保險扣除=False ✓

[3741] 金額=2,857,990 保險扣除=False ✓

[3742] 金額=1,090,000 保險扣除=False ✓

[3743] 金額=596,700 保險扣除=False ✓

[3744] 金額=9,181,402 保險扣除=False ✓

[3745] 金額=1,174,100 保險扣除=False ✓

[3746] 金額=624,530 保險扣除=False ✓

[3747] 金額=207,300 保險扣除=False ✓

[3748] 金額=1,521,693 保險扣除=False ✓

[3749] 金額=389,856 保險扣除=False ✓

[3750] 金額=452,365 保險扣除=False ✓

[3751] 金額=5,300,138 保險扣除=False ✓

[3752] 金額=257,375 保險扣除=False ✓

[3753] 金額=638,398 保險扣除=False ✓

[3754] 金額=1,325,962 保險扣除=False ✓

[3755] 金額=1,036,358 保險扣除=False ✓

[3756] 金額=1,646,958 保險扣除=True ✓

[3757] 金額=5,604,000 保險扣除=False ✓

[3758] 金額=602,058 保險扣除=False ✓

[3759] 金額=1,978,527 保險扣除=False ✓

[3760] 金額=3,507,601 保險扣除=True ✓

[3761] 金額=76,610 保險扣除=False ✓

[3762] 金額=226,930 保險扣除=False ✓

[3763] 金額=1,307,759 保險扣除=False ✓

[3764] 金額=365,182 保險扣除=False ✓

[3765] 金額=440,321 保險扣除=False ✓

[3766] 金額=804,935 保險扣除=False ✓

[3767] 金額=664,977 保險扣除=False ✓

[3768] 金額=2,447,778 保險扣除=False ✓

[3769] 金額=576,290 保險扣除=True ✓

[3770] 金額=514,914 保險扣除=False ✓

[3771] 金額=2,740,001 保險扣除=False ✓

[3772] 金額=505,563 保險扣除=False ✓

[3773] 金額=420,000 保險扣除=False ✓

[3774] 金額=5,484,669 保險扣除=False ✓

[3775] 金額=269,100 保險扣除=False ✓

[3776] 金額=243,715 保險扣除=False ✓

[3777] 金額=637,081 保險扣除=False ✓

[3778] 金額=2,558,003 保險扣除=False ✓

[3779] 金額=390,120 保險扣除=False ✓

[3780] 金額=594,025 保險扣除=False ✓

[3781] 金額=279,248 保險扣除=False ✓

[3782] 金額=713,673 保險扣除=False ✓

[3783] 金額=347,415 保險扣除=False ✓

[3784] 金額=1,363,333 保險扣除=False ✓

[3785] 金額=253,600 保險扣除=True ✓

[3786] 金額=380,852 保險扣除=False ✓

[3787] 金額=1,305,531 保險扣除=False ✓

[3788] 金額=1,345,676 保險扣除=False ✓

[3789] 金額=304,722 保險扣除=False ✓

[3790] 金額=712,910 保險扣除=False ✓

[3791] 金額=110,900 保險扣除=False ✓

[3792] 金額=994,430 保險扣除=False ✓

[3793] 金額=2,399,305 保險扣除=False ✓

[3794] 金額=1,220,719 保險扣除=False ✓

[3795] 金額=691,967 保險扣除=False ✓

[3796] 金額=1,025,900 保險扣除=False ✓

[3797] 金額=13,716,545 保險扣除=False ✓

[3798] 金額=1,967,756 保險扣除=False ✓

[3799] 金額=259,368 保險扣除=False ✓

[3800] 金額=1,500,000 保險扣除=False ✓

[3801] 金額=369,586 保險扣除=False ✓

[3802] 金額=3,202,170 保險扣除=False ✓

[3803] 金額=500,850 保險扣除=False ✓

[3804] 金額=602,975 保險扣除=False ✓

[3805] 金額=1,199,593 保險扣除=False ✓

[3806] 金額=994,974 保險扣除=False ✓

[3807] 金額=94,534 保險扣除=False ✓

[3808] 金額=5,108,594 保險扣除=True ✓

[3809] 金額=525,638 保險扣除=False ✓

[3810] 金額=539,690 保險扣除=False ✓

[3811] 金額=790,975 保險扣除=False ✓

[3812] 金額=506,400 保險扣除=False ✓

[3813] 金額=3,103,722 保險扣除=False ✓

[3814] 金額=864,741 保險扣除=False ✓

[3815] 金額=373,763 保險扣除=False ✓

[3816] 金額=592,780 保險扣除=False ✓

[3817] 金額=4,151,848 保險扣除=False ✓

[3818] 金額=542,450 保險扣除=False ✓

[3819] 金額=2,701,339 保險扣除=False ✓

[3820] 金額=404,790 保險扣除=False ✓

[3821] 金額=29,771,700 保險扣除=False ✓

[3822] 金額=678,053 保險扣除=False ✓

[3823] 金額=38,285 保險扣除=False ✓

[3824] 金額=1,329,300 保險扣除=False ✓

[3825] 金額=376,337 保險扣除=False ✓

[3826] 金額=1,058,756 保險扣除=False ✓

[3827] 金額=1,751,450 保險扣除=True ✓

[3828] 金額=171,600 保險扣除=False ✓

[3829] 金額=2,248,000 保險扣除=False ✓

[3830] 金額=175,297 保險扣除=False ✓

[3831] 金額=260,648 保險扣除=False ✓

[3832] 金額=407,512 保險扣除=False ✓

[3833] 金額=13,188,096 保險扣除=False ✓

[3834] 金額=687,809 保險扣除=False ✓

[3835] 金額=1,878,069 保險扣除=False ✓

[3836] 金額=282,777 保險扣除=False ✓

[3837] 金額=1,010,645 保險扣除=False ✓

[3838] 金額=1,010,645 保險扣除=False ✓

[3839] 金額=299,450 保險扣除=False ✓

[3840] 金額=2,672,208 保險扣除=False ✓

[3841] 金額=1,270,232 保險扣除=False ✓

[3842] 金額=692,355 保險扣除=False ✓

[3843] 金額=429,799 保險扣除=False ✓

[3844] 金額=3,696,367 保險扣除=False ✓

[3845] 金額=43,618 保險扣除=False ✓

[3846] 金額=321,637 保險扣除=False ✓

[3847] 金額=3,069,186 保險扣除=False ✓

[3848] 金額=271,320 保險扣除=False ✓

[3849] 金額=803,946 保險扣除=False ✓

[3850] 金額=1,135,256 保險扣除=False ✓

[3851] 金額=607,947 保險扣除=False ✓

[3852] 金額=398,608 保險扣除=False ✓

[3853] 金額=4,550,583 保險扣除=False ✓

[3854] 金額=1,436,995 保險扣除=False ✓

[3855] 金額=1,022,790 保險扣除=False ✓

[3856] 金額=202,170 保險扣除=False ✓

[3857] 金額=3,425,073 保險扣除=False ✓

[3858] 金額=689,945 保險扣除=False ✓

[3859] 金額=472,440 保險扣除=False ✓

[3860] 金額=522,035 保險扣除=False ✓

[3861] 金額=509,155 保險扣除=False ✓

[3862] 金額=5,133,636 保險扣除=False ✓

[3863] 金額=400,000 保險扣除=False ✓

[3864] 金額=278,260 保險扣除=True ✓

[3865] 金額=626,674 保險扣除=False ✓

[3866] 金額=545,108 保險扣除=False ✓

[3867] 金額=1,927,935 保險扣除=False ✓

[3868] 金額=626,259 保險扣除=False ✓

[3869] 金額=1,014,284 保險扣除=False ✓

[3870] 金額=785,124 保險扣除=False ✓

[3871] 金額=7,959,793 保險扣除=False ✓

[3872] 金額=3,000,000 保險扣除=False ✓

[3873] 金額=997,760 保險扣除=False ✓

[3874] 金額=1,244,294 保險扣除=False ✓

[3875] 金額=327,175 保險扣除=False ✓

[3876] 金額=287,352 保險扣除=False ✓

[3877] 金額=1,232,500 保險扣除=False ✓

[3878] 金額=818,215 保險扣除=False ✓

[3879] 金額=5,730,187 保險扣除=False ✓

[3880] 金額=1,481,691 保險扣除=False ✓

[3881] 金額=5,000,000 保險扣除=False ✓

[3882] 金額=1,300,000 保險扣除=False ✓

[3883] 金額=1,109,576 保險扣除=False ✓

[3884] 金額=742,600 保險扣除=False ✓

[3885] 金額=272,858 保險扣除=False ✓

[3886] 金額=631,195 保險扣除=False ✓

[3887] 金額=251,693 保險扣除=False ✓

[3888] 金額=770,372 保險扣除=False ✓

[3889] 金額=333,645 保險扣除=False ✓

[3890] 金額=637,333 保險扣除=False ✓

[3891] 金額=872,814 保險扣除=False ✓

[3892] 金額=1,733,810 保險扣除=False ✓

[3893] 金額=1,826,557 保險扣除=False ✓

[3894] 金額=1,000,000 保險扣除=False ✓

[3895] 金額=1,531,603 保險扣除=False ✓

[3896] 金額=5,558,626 保險扣除=False ✓

[3897] 金額=227,145 保險扣除=False ✓

[3898] 金額=800,000 保險扣除=False ✓

[3899] 金額=204,055 保險扣除=False ✓

[3900] 金額=1,290,971 保險扣除=False ✓

[3901] 金額=4,337,333 保險扣除=False ✓

[3902] 金額=111,550 保險扣除=False ✓

[3903] 金額=466,635 保險扣除=False ✓

[3904] 金額=550,261 保險扣除=False ✓

[3905] 金額=966,495 保險扣除=False ✓

[3906] 金額=565,925 保險扣除=False ✓

[3907] 金額=67,640 保險扣除=True ✓

[3908] 金額=534,418 保險扣除=False ✓

[3909] 金額=470,871 保險扣除=False ✓

[3910] 金額=268,000 保險扣除=False ✓

[3911] 金額=1,768,687 保險扣除=False ✓

[3912] 金額=93,414 保險扣除=False ✓

[3913] 金額=938,586 保險扣除=False ✓

[3914] 金額=42,760 保險扣除=False ✓

[3915] 金額=6,270,278 保險扣除=False ✓

[3916] 金額=212,265 保險扣除=True ✓

[3917] 金額=702,909 保險扣除=False ✓

[3918] 金額=876,988 保險扣除=False ✓

[3919] 金額=5,396,935 保險扣除=False ✓

[3920] 金額=256,155 保險扣除=False ✓

[3921] 金額=1,237,357 保險扣除=False ✓

[3922] 金額=3,305,736 保險扣除=False ✓

[3923] 金額=2,046,216 保險扣除=False ✓

[3924] 金額=93,414 保險扣除=False ✓

[3925] 金額=949,264 保險扣除=False ✓

[3926] 金額=1,179,128 保險扣除=False ✓

[3927] 金額=697,225 保險扣除=False ✓

[3928] 金額=847,704 保險扣除=False ✓

[3929] 金額=1,990,570 保險扣除=False ✓

[3930] 金額=1,440,268 保險扣除=False ✓

[3931] 金額=736,750 保險扣除=False ✓

[3932] 金額=5,772,080 保險扣除=False ✓

[3933] 金額=1,850,997 保險扣除=False ✓

[3934] 金額=300,000 保險扣除=False ✓

[3935] 金額=3,441,032 保險扣除=False ✓

[3936] 金額=836,358 保險扣除=False ✓

[3937] 金額=4,448,585 保險扣除=False ✓

[3938] 金額=1,224,705 保險扣除=False ✓

[3939] 金額=94,368 保險扣除=False ✓

[3940] 金額=1,450,801 保險扣除=False ✓

[3941] 金額=562,890 保險扣除=False ✓

[3942] 金額=300,000 保險扣除=False ✓

[3943] 金額=301,130 保險扣除=False ✓

[3944] 金額=630,122 保險扣除=False ✓

[3945] 金額=1,450,000 保險扣除=False ✓

[3946] 金額=547,300 保險扣除=False ✓

[3947] 金額=7,731,352 保險扣除=True ✓

[3948] 金額=1,360,000 保險扣除=False ✓

[3949] 金額=786,440 保險扣除=False ✓

[3950] 金額=617,259 保險扣除=False ✓

[3951] 金額=9,374,522 保險扣除=False ✓

[3952] 金額=842,064 保險扣除=False ✓

[3953] 金額=1,380,776 保險扣除=False ✓

[3954] 金額=3,550,000 保險扣除=False ✓

[3955] 金額=158,840 保險扣除=False ✓

[3956] 金額=500,000 保險扣除=False ✓

[3957] 金額=836,282 保險扣除=False ✓

[3958] 金額=475,183 保險扣除=False ✓

[3959] 金額=620,651 保險扣除=False ✓

[3960] 金額=291,689 保險扣除=False ✓

[3961] 金額=1,143,282 保險扣除=False ✓

[3962] 金額=1,614,000 保險扣除=False ✓

[3963] 金額=3,052,311 保險扣除=False ✓

[3964] 金額=479,670 保險扣除=False ✓

[3965] 金額=6,601,082 保險扣除=False ✓

[3966] 金額=2,509,455 保險扣除=False ✓

[3967] 金額=275,739 保險扣除=False ✓

[3968] 金額=2,159,641 保險扣除=False ✓

[3969] 金額=168,973 保險扣除=False ✓

[3970] 金額=775,074 保險扣除=False ✓

[3971] 金額=349,300 保險扣除=False ✓

[3972] 金額=777,230 保險扣除=False ✓

[3973] 金額=1,655,462 保險扣除=False ✓

[3974] 金額=1,349,862 保險扣除=False ✓

[3975] 金額=659,000 保險扣除=False ✓

[3976] 金額=502,800 保險扣除=False ✓

[3977] 金額=1,568,167 保險扣除=False ✓

[3978] 金額=1,419,135 保險扣除=False ✓

[3979] 金額=437,115 保險扣除=True ✓

[3980] 金額=262,654 保險扣除=False ✓

[3981] 金額=1,064,657 保險扣除=False ✓

[3982] 金額=718,000 保險扣除=False ✓

[3983] 金額=1,452,677 保險扣除=False ✓

[3984] 金額=1,029,680 保險扣除=False ✓

[3985] 金額=1,302,954 保險扣除=False ✓

[3986] 金額=511,174 保險扣除=False ✓

[3987] 金額=658,925 保險扣除=False ✓

[3988] 金額=8,816,272 保險扣除=False ✓

[3989] 金額=290,125 保險扣除=False ✓

[3990] 金額=1,490,831 保險扣除=False ✓

[3991] 金額=455,000 保險扣除=False ✓

[3992] 金額=7,652,802 保險扣除=False ✓

[3993] 金額=1,389,961 保險扣除=False ✓

[3994] 金額=1,411,810 保險扣除=False ✓

[3995] 金額=1,574,733 保險扣除=False ✓

[3996] 金額=900,693 保險扣除=False ✓

[3997] 金額=6,866,820 保險扣除=False ✓

[3998] 金額=769,040 保險扣除=False ✓

[3999] 金額=678,959 保險扣除=False ✓

[4000] 金額=868,750 保險扣除=False ✓

[4001] 金額=877,850 保險扣除=False ✓

[4002] 金額=4,004,557 保險扣除=False ✓

[4003] 金額=270,783 保險扣除=False ✓

[4004] 金額=986,454 保險扣除=False ✓

[4005] 金額=463,846 保險扣除=False ✓

[4006] 金額=589,003 保險扣除=False ✓

[4007] 金額=41,637,970 保險扣除=False ✓

[4008] 金額=1,979,204 保險扣除=True ✓

[4009] 金額=995,856 保險扣除=False ✓

[4010] 金額=418,969 保險扣除=False ✓

[4011] 金額=2,337,494 保險扣除=True ✓

[4012] 金額=1,352,036 保險扣除=False ✓

[4013] 金額=115,870 保險扣除=False ✓

[4014] 金額=933,924 保險扣除=False ✓

[4015] 金額=744,966 保險扣除=False ✓

[4016] 金額=6,134,121 保險扣除=False ✓

[4017] 金額=717,203 保險扣除=False ✓

[4018] 金額=751,500 保險扣除=False ✓

[4019] 金額=3,147,672 保險扣除=False ✓

[4020] 金額=5,899,982 保險扣除=True ✓

[4021] 金額=2,147,426 保險扣除=False ✓

[4022] 金額=370,861 保險扣除=False ✓

[4023] 金額=174,139 保險扣除=False ✓

[4024] 金額=604,989 保險扣除=False ✓

[4025] 金額=22,880 保險扣除=False ✓

[4026] 金額=12,894,426 保險扣除=False ✓

[4027] 金額=588,601 保險扣除=False ✓

[4028] 金額=353,505 保險扣除=False ✓

[4029] 金額=758,099 保險扣除=False ✓

[4030] 金額=1,763,920 保險扣除=False ✓

[4031] 金額=1,137,781 保險扣除=False ✓

[4032] 金額=1,182,134 保險扣除=False ✓

[4033] 金額=2,478,624 保險扣除=False ✓

[4034] 金額=278,310 保險扣除=False ✓

[4035] 金額=548,800 保險扣除=False ✓

[4036] 金額=698,383 保險扣除=False ✓

[4037] 金額=512,443 保險扣除=False ✓

[4038] 金額=400,000 保險扣除=False ✓

[4039] 金額=2,467,479 保險扣除=False ✓

[4040] 金額=798,500 保險扣除=False ✓

[4041] 金額=700,880 保險扣除=False ✓

[4042] 金額=913,411 保險扣除=False ✓

[4043] 金額=951,700 保險扣除=False ✓

[4044] 金額=483,608 保險扣除=False ✓

[4045] 金額=119,520 保險扣除=True ✓

[4046] 金額=1,017,600 保險扣除=False ✓

[4047] 金額=2,022,702 保險扣除=False ✓

[4048] 金額=1,570,047 保險扣除=False ✓

[4049] 金額=791,422 保險扣除=False ✓

[4050] 金額=1,736,680 保險扣除=False ✓

[4051] 金額=586,559 保險扣除=False ✓

[4052] 金額=1,311,712 保險扣除=False ✓

[4053] 金額=106,514 保險扣除=False ✓

[4054] 金額=3,071,537 保險扣除=False ✓

[4055] 金額=14,640,000 保險扣除=False ✓

[4056] 金額=2,361,317 保險扣除=False ✓

[4057] 金額=1,058,786 保險扣除=False ✓

[4058] 金額=287,435 保險扣除=False ✓

[4059] 金額=4,094,833 保險扣除=False ✓

[4060] 金額=971,633 保險扣除=False ✓

[4061] 金額=2,146,328 保險扣除=False ✓

[4062] 金額=569,754 保險扣除=False ✓

[4063] 金額=1,425,077 保險扣除=False ✓

[4064] 金額=732,235 保險扣除=True ✓

[4065] 金額=519,737 保險扣除=False ✓

[4066] 金額=1,481,747 保險扣除=False ✓

[4067] 金額=6,293,067 保險扣除=True ✓

[4068] 金額=5,099,740 保險扣除=False ✓

[4069] 金額=1,265,782 保險扣除=False ✓

[4070] 金額=429,700 保險扣除=False ✓

[4071] 金額=1,087,280 保險扣除=False ✓

[4072] 金額=262,078 保險扣除=False ✓

[4073] 金額=684,289 保險扣除=False ✓

[4074] 金額=2,838,559 保險扣除=True ✓

[4075] 金額=1,149,864 保險扣除=False ✓

[4076] 金額=1,027,347 保險扣除=False ✓

[4077] 金額=406,776 保險扣除=False ✓

[4078] 金額=1,662,032 保險扣除=False ✓

[4079] 金額=600,200 保險扣除=False ✓

[4080] 金額=909,281 保險扣除=False ✓

[4081] 金額=1,026,344 保險扣除=False ✓

[4082] 金額=790,054 保險扣除=False ✓

[4083] 金額=987,455 保險扣除=False ✓

[4084] 金額=971,011 保險扣除=False ✓

[4085] 金額=320,918 保險扣除=False ✓

[4086] 金額=569,683 保險扣除=False ✓

[4087] 金額=1,612,829 保險扣除=False ✓

[4088] 金額=684,885 保險扣除=False ✓

[4089] 金額=348,059 保險扣除=False ✓

[4090] 金額=1,120,684 保險扣除=False ✓

[4091] 金額=819,302 保險扣除=False ✓

[4092] 金額=6,086,523 保險扣除=False ✓

[4093] 金額=440,000 保險扣除=False ✓

[4094] 金額=90,963 保險扣除=False ✓

[4095] 金額=6,538,307 保險扣除=False ✓

[4096] 金額=2,084,841 保險扣除=True ✓

[4097] 金額=250,000 保險扣除=False ✓

[4098] 金額=971,489 保險扣除=False ✓

[4099] 金額=1,529,300 保險扣除=False ✓

[4100] 金額=16,778,424 保險扣除=False ✓

[4101] 金額=409,820 保險扣除=False ✓

[4102] 金額=535,709 保險扣除=False ✓

[4103] 金額=102,093 保險扣除=False ✓

[4104] 金額=1,844,833 保險扣除=False ✓

[4105] 金額=947,259 保險扣除=False ✓

[4106] 金額=1,303,204 保險扣除=False ✓

[4107] 金額=188,000 保險扣除=False ✓

[4108] 金額=1,974,768 保險扣除=False ✓

[4109] 金額=1,172,762 保險扣除=False ✓

[4110] 金額=10,280,614 保險扣除=False ✓

[4111] 金額=3,119,001 保險扣除=False ✓

[4112] 金額=1,043,000 保險扣除=False ✓

[4113] 金額=3,954,958 保險扣除=False ✓

[4114] 金額=25,560,722 保險扣除=False ✓

[4115] 金額=603,600 保險扣除=False ✓

[4116] 金額=532,912 保險扣除=False ✓

[4117] 金額=6,857,352 保險扣除=False ✓

[4118] 金額=5,052,923 保險扣除=False ✓

[4119] 金額=5,684,907 保險扣除=False ✓

[4120] 金額=249,232 保險扣除=False ✓

[4121] 金額=736,575 保險扣除=True ✓

[4122] 金額=1,413,094 保險扣除=False ✓

[4123] 金額=1,750,411 保險扣除=False ✓

[4124] 金額=1,080,827 保險扣除=False ✓

[4125] 金額=1,063,367 保險扣除=False ✓

[4126] 金額=294,623 保險扣除=False ✓

[4127] 金額=678,828 保險扣除=False ✓

[4128] 金額=829,527 保險扣除=False ✓

[4129] 金額=3,748,243 保險扣除=False ✓

[4130] 金額=177,037 保險扣除=False ✓

[4131] 金額=393,991 保險扣除=False ✓

[4132] 金額=609,050 保險扣除=False ✓

[4133] 金額=521,628 保險扣除=False ✓

[4134] 金額=4,143,040 保險扣除=False ✓

[4135] 金額=4,507,619 保險扣除=False ✓

[4136] 金額=7,970,000 保險扣除=False ✓

[4137] 金額=7,924,763 保險扣除=False ✓

[4138] 金額=446,841 保險扣除=True ✓

[4139] 金額=383,648 保險扣除=False ✓

[4140] 金額=314,400 保險扣除=False ✓

[4141] 金額=1,266,065 保險扣除=False ✓

[4142] 金額=1,509,831 保險扣除=False ✓

[4143] 金額=1,380,934 保險扣除=False ✓

[4144] 金額=4,566,658 保險扣除=False ✓

[4145] 金額=2,136,709 保險扣除=False ✓

[4146] 金額=282,013 保險扣除=False ✓

[4147] 金額=10,437,024 保險扣除=False ✓

[4148] 金額=1,032,841 保險扣除=False ✓

[4149] 金額=291,822 保險扣除=False ✓

[4150] 金額=391,097 保險扣除=False ✓

[4151] 金額=6,363,262 保險扣除=False ✓

[4152] 金額=1,629,235 保險扣除=False ✓

[4153] 金額=289,633 保險扣除=False ✓

[4154] 金額=9,094,182 保險扣除=False ✓

[4155] 金額=8,005,521 保險扣除=True ✓

[4156] 金額=200,250 保險扣除=True ✓

[4157] 金額=1,623,098 保險扣除=False ✓

[4158] 金額=52,946 保險扣除=False ✓

[4159] 金額=563,669 保險扣除=True ✓

[4160] 金額=1,069,858 保險扣除=False ✓

[4161] 金額=3,269,257 保險扣除=False ✓

[4162] 金額=1,927,850 保險扣除=False ✓

[4163] 金額=1,608,139 保險扣除=False ✓

[4164] 金額=800,000 保險扣除=False ✓

[4165] 金額=358,605 保險扣除=False ✓

[4166] 金額=906,508 保險扣除=False ✓

[4167] 金額=2,423,941 保險扣除=False ✓

[4168] 金額=590,774 保險扣除=False ✓

[4169] 金額=650,900 保險扣除=False ✓

[4170] 金額=384,045 保險扣除=False ✓

[4171] 金額=3,538,811 保險扣除=False ✓

[4172] 金額=2,718,831 保險扣除=False ✓

[4173] 金額=1,475,908 保險扣除=False ✓

[4174] 金額=1,985,022 保險扣除=False ✓

[4175] 金額=5,227,009 保險扣除=False ✓

[4176] 金額=1,482,412 保險扣除=False ✓

[4177] 金額=930,077 保險扣除=False ✓

[4178] 金額=10,613,416 保險扣除=True ✓

[4179] 金額=900,000 保險扣除=False ✓

[4180] 金額=210,000 保險扣除=False ✓

[4181] 金額=712,339 保險扣除=False ✓

[4182] 金額=105,249 保險扣除=False ✓

[4183] 金額=407,854 保險扣除=False ✓

[4184] 金額=632,740 保險扣除=True ✓

[4185] 金額=275,109 保險扣除=False ✓

[4186] 金額=1,487,428 保險扣除=False ✓

[4187] 金額=1,799,552 保險扣除=False ✓

[4188] 金額=2,010,360 保險扣除=False ✓

[4189] 金額=2,088,503 保險扣除=False ✓

[4190] 金額=3,838,649 保險扣除=False ✓

[4191] 金額=511,938 保險扣除=False ✓

[4192] 金額=3,180,125 保險扣除=False ✓

[4193] 金額=3,498,365 保險扣除=False ✓

[4194] 金額=635,172 保險扣除=False ✓

[4195] 金額=1,847,113 保險扣除=False ✓

[4196] 金額=843,588 保險扣除=False ✓

[4197] 金額=1,027,432 保險扣除=False ✓

[4198] 金額=1,827,360 保險扣除=False ✓

[4199] 金額=2,376,817 保險扣除=False ✓

[4200] 金額=249,838 保險扣除=False ✓

[4201] 金額=367,872 保險扣除=False ✓

[4202] 金額=416,303 保險扣除=False ✓

[4203] 金額=633,000 保險扣除=True ✓

[4204] 金額=710,690 保險扣除=True ✓

[4205] 金額=385,279 保險扣除=False ✓

[4206] 金額=1,008,595 保險扣除=False ✓

[4207] 金額=8,427,396 保險扣除=False ✓

[4208] 金額=305,109 保險扣除=False ✓

[4209] 金額=2,699,125 保險扣除=False ✓

[4210] 金額=284,200 保險扣除=False ✓

[4211] 金額=635,400 保險扣除=False ✓

[4212] 金額=923,444 保險扣除=False ✓

[4213] 金額=1,058,492 保險扣除=False ✓

[4214] 金額=1,589,281 保險扣除=True ✓

[4215] 金額=901,803 保險扣除=False ✓

[4216] 金額=2,297,944 保險扣除=False ✓

[4217] 金額=1,265,393 保險扣除=False ✓

[4218] 金額=54,893 保險扣除=False ✓

[4219] 金額=549,831 保險扣除=False ✓

[4220] 金額=665,216 保險扣除=False ✓

[4221] 金額=481,738 保險扣除=False ✓

[4222] 金額=440,080 保險扣除=False ✓

[4223] 金額=341,734 保險扣除=False ✓

[4224] 金額=885,327 保險扣除=False ✓

[4225] 金額=1,839,639 保險扣除=False ✓

[4226] 金額=3,265,148 保險扣除=False ✓

[4227] 金額=680,728 保險扣除=False ✓

[4228] 金額=144,956 保險扣除=False ✓

[4229] 金額=310,000 保險扣除=False ✓

[4230] 金額=1,151,442 保險扣除=False ✓

[4231] 金額=320,264 保險扣除=False ✓

[4232] 金額=417,782 保險扣除=False ✓

[4233] 金額=2,082,670 保險扣除=False ✓

[4234] 金額=328,170 保險扣除=False ✓

[4235] 金額=232,780 保險扣除=False ✓

[4236] 金額=2,000,000 保險扣除=False ✓

[4237] 金額=10,191,327 保險扣除=False ✓

[4238] 金額=660,000 保險扣除=False ✓

[4239] 金額=335,655 保險扣除=False ✓

[4240] 金額=991,968 保險扣除=False ✓

[4241] 金額=761,030 保險扣除=False ✓

[4242] 金額=1,948,782 保險扣除=False ✓

[4243] 金額=557,278 保險扣除=False ✓

[4244] 金額=3,371,469 保險扣除=False ✓

[4245] 金額=170,206 保險扣除=True ✓

[4246] 金額=32,000 保險扣除=False ✓

[4247] 金額=7,806,598 保險扣除=False ✓

[4248] 金額=709,460 保險扣除=False ✓

[4249] 金額=1,788,012 保險扣除=False ✓

[4250] 金額=999,050 保險扣除=False ✓

[4251] 金額=1,200,000 保險扣除=False ✓

[4252] 金額=990,384 保險扣除=False ✓

[4253] 金額=705,450 保險扣除=False ✓

[4254] 金額=398,626 保險扣除=False ✓

[4255] 金額=1,342,778 保險扣除=False ✓

[4256] 金額=71,168,531 保險扣除=False ✓

[4257] 金額=408,825 保險扣除=True ✓

[4258] 金額=341,929 保險扣除=False ✓

[4259] 金額=2,328,379 保險扣除=False ✓

[4260] 金額=180,299 保險扣除=False ✓

[4261] 金額=2,840,000 保險扣除=False ✓

[4262] 金額=347,501 保險扣除=False ✓

[4263] 金額=98,346 保險扣除=False ✓

[4264] 金額=804,661 保險扣除=False ✓

[4265] 金額=310,714 保險扣除=False ✓

[4266] 金額=8,518,084 保險扣除=False ✓

[4267] 金額=664,550 保險扣除=False ✓

[4268] 金額=1,365,328 保險扣除=False ✓

[4269] 金額=1,140,070 保險扣除=False ✓

[4270] 金額=482,259 保險扣除=False ✓

[4271] 金額=876,000 保險扣除=False ✓

[4272] 金額=5,603,290 保險扣除=False ✓

[4273] 金額=2,321,985 保險扣除=True ✓

[4274] 金額=800,000 保險扣除=False ✓

[4275] 金額=11,458,621 保險扣除=False ✓

[4276] 金額=10,646,229 保險扣除=False ✓

[4277] 金額=2,635,393 保險扣除=False ✓

[4278] 金額=1,446,705 保險扣除=False ✓

[4279] 金額=1,837,115 保險扣除=False ✓

[4280] 金額=5,075,400 保險扣除=False ✓

[4281] 金額=2,530,084 保險扣除=False ✓

[4282] 金額=1,080,852 保險扣除=False ✓

[4283] 金額=1,328,603 保險扣除=False ✓

[4284] 金額=871,030 保險扣除=False ✓

[4285] 金額=1,572,131 保險扣除=False ✓

[4286] 金額=2,341,943 保險扣除=False ✓

[4287] 金額=611,280 保險扣除=False ✓

[4288] 金額=5,913,421 保險扣除=False ✓

[4289] 金額=100,000 保險扣除=False ✓

[4290] 金額=279,890 保險扣除=False ✓

[4291] 金額=3,888,662 保險扣除=False ✓

[4292] 金額=1,080,268 保險扣除=False ✓

[4293] 金額=1,658,889 保險扣除=False ✓

[4294] 金額=25,279,379 保險扣除=False ✓

[4295] 金額=692,000 保險扣除=False ✓

[4296] 金額=1,211,807 保險扣除=False ✓

[4297] 金額=449,599 保險扣除=False ✓

[4298] 金額=446,336 保險扣除=False ✓

[4299] 金額=410,000 保險扣除=False ✓

[4300] 金額=9,840,835 保險扣除=False ✓

[4301] 金額=731,540 保險扣除=False ✓

[4302] 金額=479,622 保險扣除=False ✓

[4303] 金額=1,267,119 保險扣除=False ✓

[4304] 金額=9,496,562 保險扣除=True ✓

[4305] 金額=1,998,271 保險扣除=False ✓

[4306] 金額=1,131,185 保險扣除=False ✓

[4307] 金額=1,167,188 保險扣除=False ✓

[4308] 金額=1,288,647 保險扣除=False ✓

[4309] 金額=5,904,377 保險扣除=False ✓

[4310] 金額=830,000 保險扣除=False ✓

[4311] 金額=974,382 保險扣除=False ✓

[4312] 金額=428,780 保險扣除=False ✓

[4313] 金額=5,492,111 保險扣除=True ✓

[4314] 金額=369,956 保險扣除=False ✓

[4315] 金額=100,000 保險扣除=False ✓

[4316] 金額=181,460 保險扣除=False ✓

[4317] 金額=1,046,384 保險扣除=True ✓

[4318] 金額=1,082,000 保險扣除=False ✓

[4319] 金額=354,212 保險扣除=False ✓

[4320] 金額=2,000,000 保險扣除=False ✓

[4321] 金額=720,000 保險扣除=False ✓

[4322] 金額=340,671 保險扣除=False ✓

[4323] 金額=5,288,548 保險扣除=False ✓

[4324] 金額=812,000 保險扣除=False ✓

[4325] 金額=722,860 保險扣除=False ✓

[4326] 金額=1,018,612 保險扣除=False ✓

[4327] 金額=503,500 保險扣除=False ✓

[4328] 金額=4,988,441 保險扣除=False ✓

[4329] 金額=644,157 保險扣除=False ✓

[4330] 金額=147,619 保險扣除=False ✓

[4331] 金額=2,124,155 保險扣除=False ✓

[4332] 金額=26,248 保險扣除=False ✓

[4333] 金額=1,017,962 保險扣除=False ✓

[4334] 金額=964,430 保險扣除=False ✓

[4335] 金額=3,124,502 保險扣除=False ✓

[4336] 金額=1,062,000 保險扣除=False ✓

[4337] 金額=632,328 保險扣除=False ✓

[4338] 金額=981,462 保險扣除=False ✓

[4339] 金額=1,189,883 保險扣除=False ✓

[4340] 金額=2,060,000 保險扣除=False ✓

[4341] 金額=2,762,918 保險扣除=False ✓

[4342] 金額=328,364 保險扣除=False ✓

[4343] 金額=545,518 保險扣除=False ✓

[4344] 金額=8,306,957 保險扣除=False ✓

[4345] 金額=1,569,595 保險扣除=False ✓

[4346] 金額=204,413 保險扣除=False ✓

[4347] 金額=879,074 保險扣除=False ✓

[4348] 金額=2,342,939 保險扣除=False ✓

[4349] 金額=4,306,548 保險扣除=False ✓

[4350] 金額=5,760,653 保險扣除=False ✓

[4351] 金額=1,140,485 保險扣除=False ✓

[4352] 金額=1,228,198 保險扣除=False ✓

[4353] 金額=4,802,443 保險扣除=False ✓

[4354] 金額=1,344,024 保險扣除=False ✓

[4355] 金額=628,782 保險扣除=False ✓

[4356] 金額=4,360,468 保險扣除=False ✓

[4357] 金額=786,887 保險扣除=True ✓

[4358] 金額=3,207,562 保險扣除=False ✓

[4359] 金額=2,886,160 保險扣除=False ✓

[4360] 金額=7,100,561 保險扣除=True ✓

[4361] 金額=4,424,194 保險扣除=False ✓

[4362] 金額=1,090,068 保險扣除=False ✓

[4363] 金額=2,055,573 保險扣除=False ✓

[4364] 金額=2,144,800 保險扣除=False ✓

[4365] 金額=643,846 保險扣除=False ✓

[4366] 金額=704,685 保險扣除=True ✓

[4367] 金額=1,305,400 保險扣除=False ✓

[4368] 金額=580,707 保險扣除=False ✓

[4369] 金額=238,306 保險扣除=False ✓

[4370] 金額=104,000 保險扣除=False ✓

[4371] 金額=615,528 保險扣除=False ✓

[4372] 金額=59,149 保險扣除=True ✓

[4373] 金額=879,143 保險扣除=False ✓

[4374] 金額=1,688,478 保險扣除=False ✓

[4375] 金額=547,971 保險扣除=False ✓

[4376] 金額=403,600 保險扣除=False ✓

[4377] 金額=1,489,820 保險扣除=False ✓

[4378] 金額=857,540 保險扣除=False ✓

[4379] 金額=580,058 保險扣除=False ✓

[4380] 金額=426,612 保險扣除=False ✓

[4381] 金額=982,119 保險扣除=False ✓

[4382] 金額=982,119 保險扣除=False ✓

[4383] 金額=595,114 保險扣除=False ✓

[4384] 金額=8,000,000 保險扣除=False ✓

[4385] 金額=3,267,677 保險扣除=False ✓

[4386] 金額=500,859 保險扣除=False ✓

[4387] 金額=1,396,322 保險扣除=False ✓

[4388] 金額=1,437,687 保險扣除=False ✓

[4389] 金額=279,820 保險扣除=False ✓

[4390] 金額=837,843 保險扣除=False ✓

[4391] 金額=3,000,000 保險扣除=False ✓

[4392] 金額=1,219,018 保險扣除=False ✓

[4393] 金額=2,063,809 保險扣除=False ✓

[4394] 金額=1,953,320 保險扣除=False ✓

[4395] 金額=2,203,313 保險扣除=False ✓

[4396] 金額=3,257,997 保險扣除=False ✓

[4397] 金額=1,356,000 保險扣除=False ✓

[4398] 金額=2,500,000 保險扣除=True ✓

[4399] 金額=1,023,434 保險扣除=False ✓

[4400] 金額=500,000 保險扣除=False ✓

[4401] 金額=995,006 保險扣除=False ✓

[4402] 金額=1,364,088 保險扣除=False ✓

[4403] 金額=2,081,618 保險扣除=False ✓

[4404] 金額=2,731,813 保險扣除=False ✓

[4405] 金額=1,010,568 保險扣除=False ✓

[4406] 金額=10,203,544 保險扣除=False ✓

[4407] 金額=1,440,507 保險扣除=False ✓

[4408] 金額=5,147,863 保險扣除=False ✓

[4409] 金額=4,397,141 保險扣除=False ✓

[4410] 金額=1,573,000 保險扣除=False ✓

[4411] 金額=1,323,872 保險扣除=False ✓

[4412] 金額=9,969,218 保險扣除=False ✓

[4413] 金額=825,000 保險扣除=False ✓

[4414] 金額=666,305 保險扣除=False ✓

[4415] 金額=965,175 保險扣除=False ✓

[4416] 金額=668,593 保險扣除=False ✓

[4417] 金額=1,479,331 保險扣除=False ✓

[4418] 金額=910,316 保險扣除=True ✓

[4419] 金額=1,184,316 保險扣除=False ✓

[4420] 金額=179,262 保險扣除=False ✓

[4421] 金額=4,142,509 保險扣除=False ✓

[4422] 金額=28,094,783 保險扣除=False ✓

[4423] 金額=241,232 保險扣除=False ✓

[4424] 金額=4,180,287 保險扣除=False ✓

[4425] 金額=9,090,000 保險扣除=True ✓

[4426] 金額=9,573,650 保險扣除=False ✓

[4427] 金額=2,766,403 保險扣除=False ✓

[4428] 金額=637,538 保險扣除=False ✓

[4429] 金額=1,492,895 保險扣除=False ✓

[4430] 金額=2,465,000 保險扣除=False ✓

[4431] 金額=1,664,943 保險扣除=False ✓

[4432] 金額=1,069,793 保險扣除=False ✓

[4433] 金額=2,661,489 保險扣除=False ✓

[4434] 金額=520,621 保險扣除=False ✓

[4435] 金額=7,964,898 保險扣除=False ✓

[4436] 金額=718,426 保險扣除=False ✓

[4437] 金額=2,136,786 保險扣除=False ✓

[4438] 金額=161,744 保險扣除=False ✓

[4439] 金額=674,594 保險扣除=False ✓

[4440] 金額=6,293,346 保險扣除=False ✓

[4441] 金額=1,368,345 保險扣除=False ✓

[4442] 金額=2,143,457 保險扣除=False ✓

[4443] 金額=1,587,152 保險扣除=False ✓

[4444] 金額=497,350 保險扣除=False ✓

[4445] 金額=846,276 保險扣除=False ✓

[4446] 金額=461,853 保險扣除=False ✓

[4447] 金額=630,130 保險扣除=False ✓

[4448] 金額=3,971,520 保險扣除=False ✓

[4449] 金額=25,902,289 保險扣除=False ✓

[4450] 金額=10,057,160 保險扣除=False ✓

[4451] 金額=701,885 保險扣除=True ✓

[4452] 金額=1,246,163 保險扣除=True ✓

[4453] 金額=48,511 保險扣除=False ✓

[4454] 金額=7,236,130 保險扣除=False ✓

[4455] 金額=300,000 保險扣除=False ✓

[4456] 金額=597,377 保險扣除=False ✓

[4457] 金額=1,041,383 保險扣除=False ✓

[4458] 金額=600,000 保險扣除=False ✓

[4459] 金額=267,363 保險扣除=False ✓

[4460] 金額=430,986 保險扣除=False ✓

[4461] 金額=269,777 保險扣除=False ✓

[4462] 金額=1,562,192 保險扣除=False ✓

[4463] 金額=4,730,500 保險扣除=False ✓

[4464] 金額=1,977,203 保險扣除=True ✓

[4465] 金額=489,087 保險扣除=False ✓

[4466] 金額=3,346,892 保險扣除=False ✓

[4467] 金額=3,673,225 保險扣除=False ✓

[4468] 金額=982,641 保險扣除=False ✓

[4469] 金額=752,805 保險扣除=False ✓

[4470] 金額=8,116,510 保險扣除=False ✓

[4471] 金額=250,000 保險扣除=False ✓

[4472] 金額=625,395 保險扣除=False ✓

[4473] 金額=807,800 保險扣除=False ✓

[4474] 金額=21,981,661 保險扣除=False ✓

[4475] 金額=1,527,282 保險扣除=False ✓

[4476] 金額=1,544,234 保險扣除=False ✓

[4477] 金額=3,697,153 保險扣除=False ✓

[4478] 金額=2,628,583 保險扣除=False ✓

[4479] 金額=1,086,400 保險扣除=False ✓

[4480] 金額=1,276,113 保險扣除=False ✓

[4481] 金額=55,935 保險扣除=False ✓

[4482] 金額=1,188,694 保險扣除=False ✓

[4483] 金額=322,418 保險扣除=False ✓

[4484] 金額=1,119,694 保險扣除=False ✓

[4485]   [Comp 解析失敗] invalid literal for int() with base 10: '1243937.5' | ```json
{"total_plaintiff_amount": 1243937.5, "has_insurance_deduction": true}
`
金額=0 保險扣除=False ✓

[4486] 金額=1,184,940 保險扣除=True ✓

[4487] 金額=1,107,583 保險扣除=False ✓

[4488] 金額=298,991 保險扣除=False ✓

[4489] 金額=817,839 保險扣除=False ✓

[4490] 金額=102,901 保險扣除=False ✓

[4491] 金額=1,383,985 保險扣除=False ✓

[4492] 金額=980,323 保險扣除=False ✓

[4493] 金額=22,047,572 保險扣除=False ✓

[4494] 金額=1,115,643 保險扣除=False ✓

[4495] 金額=1,359,801 保險扣除=False ✓

[4496] 金額=98,321 保險扣除=False ✓

[4497] 金額=2,529,138 保險扣除=False ✓

[4498] 金額=982,717 保險扣除=False ✓

[4499] 金額=1,251,514 保險扣除=False ✓

[4500] 金額=188,652 保險扣除=False ✓

[4501] 金額=1,740,025 保險扣除=False ✓

[4502] 金額=908,774 保險扣除=False ✓

[4503] 金額=3,797,841 保險扣除=False ✓

[4504] 金額=940,335 保險扣除=False ✓

[4505] 金額=600,000 保險扣除=False ✓

[4506] 金額=3,303,067 保險扣除=False ✓

[4507] 金額=501,415 保險扣除=True ✓

[4508] 金額=500,000 保險扣除=False ✓

[4509] 金額=200,420 保險扣除=True ✓

[4510] 金額=2,402,117 保險扣除=False ✓

[4511] 金額=2,898,134 保險扣除=False ✓

[4512] 金額=507,115 保險扣除=False ✓

[4513] 金額=1,024,034 保險扣除=False ✓

[4514] 金額=249,606 保險扣除=False ✓

[4515] 金額=5,528,327 保險扣除=False ✓

[4516] 金額=19,650,630 保險扣除=False ✓

[4517] 金額=1,211,492 保險扣除=False ✓

[4518] 金額=2,233,869 保險扣除=False ✓

[4519] 金額=1,124,110 保險扣除=False ✓

[4520] 金額=1,800,000 保險扣除=False ✓

[4521] 金額=509,583 保險扣除=False ✓

[4522] 金額=1,306,320 保險扣除=False ✓

[4523] 金額=2,124,992 保險扣除=False ✓

[4524] 金額=2,482,538 保險扣除=False ✓

[4525] 金額=1,398,702 保險扣除=False ✓

[4526] 金額=625,966 保險扣除=False ✓

[4527] 金額=173,592 保險扣除=False ✓

[4528] 金額=6,057,266 保險扣除=False ✓

[4529] 金額=621,865 保險扣除=False ✓

[4530] 金額=948,431 保險扣除=False ✓

[4531] 金額=2,708,603 保險扣除=False ✓

[4532] (修正 L0100→L0110) 金額=222,720 保險扣除=False ✓

[4533] 金額=2,986,983 保險扣除=False ✓

[4534] 金額=1,539,703 保險扣除=False ✓

[4535] 金額=2,971,286 保險扣除=False ✓

[4536] 金額=82,125 保險扣除=True ✓

[4537] 金額=1,314,048 保險扣除=False ✓

[4538] 金額=469,487 保險扣除=False ✓

[4539] 金額=7,857,000 保險扣除=False ✓

[4540] 金額=1,800,000 保險扣除=False ✓

[4541] 金額=820,746 保險扣除=False ✓

[4542] 金額=2,033,649 保險扣除=False ✓

[4543] 金額=720,160 保險扣除=False ✓

[4544] 金額=885,899 保險扣除=False ✓

[4545] 金額=1,303,947 保險扣除=False ✓

[4546] 金額=898,258 保險扣除=False ✓

[4547] 金額=774,781 保險扣除=False ✓

[4548] 金額=4,440,424 保險扣除=False ✓

[4549] 金額=1,290,959 保險扣除=False ✓

[4550] 金額=3,014,016 保險扣除=False ✓

[4551] 金額=1,263,128 保險扣除=False ✓

[4552] 金額=1,000,000 保險扣除=False ✓

[4553] 金額=1,893,236 保險扣除=True ✓

[4554] 金額=3,962,369 保險扣除=False ✓

[4555] 金額=2,683,862 保險扣除=False ✓

[4556] 金額=937,773 保險扣除=False ✓

[4557] 金額=355,600 保險扣除=False ✓

[4558] 金額=341,575 保險扣除=False ✓

[4559] 金額=78,535 保險扣除=False ✓

[4560] 金額=582,000 保險扣除=False ✓

[4561] 金額=582,000 保險扣除=False ✓

[4562] 金額=2,857,927 保險扣除=False ✓

[4563] 金額=1,617,113 保險扣除=False ✓

[4564] 金額=1,013,513 保險扣除=False ✓

[4565] 金額=9,655,544 保險扣除=False ✓

[4566] 金額=1,629,510 保險扣除=False ✓

[4567] 金額=377,696 保險扣除=False ✓

[4568] 金額=7,940,652 保險扣除=False ✓

[4569] 金額=1,000,000 保險扣除=False ✓

[4570] 金額=8,925,454 保險扣除=False ✓

[4571] 金額=150,000 保險扣除=True ✓

[4572] 金額=550,144 保險扣除=False ✓

[4573] 金額=3,939,128 保險扣除=False ✓

[4574] 金額=3,939,128 保險扣除=False ✓

[4575] 金額=200,000 保險扣除=False ✓

[4576] 金額=7,235,299 保險扣除=False ✓

[4577] 金額=9,741,040 保險扣除=False ✓

[4578] 金額=610,245 保險扣除=False ✓

[4579] 金額=503,695 保險扣除=False ✓

[4580] 金額=1,500,000 保險扣除=False ✓

[4581] 金額=885,603 保險扣除=False ✓

[4582] 金額=1,990,354 保險扣除=False ✓

[4583] 金額=428,655 保險扣除=False ✓

[4584] 金額=1,048,825 保險扣除=False ✓

[4585] 金額=827,531 保險扣除=False ✓

[4586] 金額=4,525,219 保險扣除=False ✓

[4587] 金額=15,438,000 保險扣除=False ✓

[4588] 金額=3,258,840 保險扣除=False ✓

[4589] 金額=182,635 保險扣除=False ✓

[4590] 金額=3,601,883 保險扣除=False ✓

[4591] 金額=2,493,080 保險扣除=True ✓

[4592] 金額=6,374,940 保險扣除=False ✓

[4593] 金額=900,320 保險扣除=False ✓

[4594] 金額=303,490 保險扣除=False ✓

[4595] 金額=2,782,237 保險扣除=False ✓

[4596] 金額=1,344,791 保險扣除=False ✓

[4597] 金額=1,070,000 保險扣除=False ✓

[4598] 金額=789,345 保險扣除=True ✓

[4599] 金額=10,689,869 保險扣除=False ✓

[4600] 金額=1,060,000 保險扣除=False ✓

[4601] 金額=603,349 保險扣除=False ✓

[4602] 金額=890,091 保險扣除=False ✓

[4603] 金額=645,718 保險扣除=False ✓

[4604] 金額=560,000 保險扣除=False ✓

[4605] 金額=8,450,767 保險扣除=False ✓

[4606] 金額=1,829,426 保險扣除=False ✓

[4607] 金額=6,673,834 保險扣除=False ✓

[4608] 金額=809,698 保險扣除=False ✓

[4609] 金額=5,743,393 保險扣除=False ✓

[4610] 金額=8,000,000 保險扣除=False ✓

[4611] 金額=8,214,213 保險扣除=True ✓

[4612] 金額=1,014,732 保險扣除=False ✓

[4613] 金額=582,750 保險扣除=False ✓

[4614] 金額=525,765 保險扣除=True ✓

[4615] 金額=928,018 保險扣除=False ✓

[4616] 金額=1,549,763 保險扣除=False ✓

[4617] 金額=2,185,104 保險扣除=False ✓

[4618] 金額=3,020,666 保險扣除=False ✓

[4619] 金額=3,147,600 保險扣除=False ✓

[4620] 金額=12,613,061 保險扣除=False ✓

[4621] 金額=1,251,668 保險扣除=False ✓

[4622] 金額=1,572,596 保險扣除=False ✓

[4623] 金額=956,661 保險扣除=False ✓

[4624] 金額=1,650,296 保險扣除=False ✓

[4625] 金額=254,310 保險扣除=False ✓

[4626] 金額=1,068,762 保險扣除=False ✓

[4627] 金額=728,350 保險扣除=False ✓

[4628] 金額=442,295 保險扣除=False ✓

[4629] 金額=318,040 保險扣除=False ✓

[4630] 金額=509,434 保險扣除=False ✓

[4631] 金額=540,112 保險扣除=False ✓

[4632] 金額=501,368 保險扣除=False ✓

[4633] 金額=758,838 保險扣除=False ✓

[4634] 金額=2,206,789 保險扣除=False ✓

[4635] 金額=1,780,000 保險扣除=False ✓

[4636] 金額=1,053,057 保險扣除=False ✓

[4637] 金額=1,789,981 保險扣除=False ✓

[4638] 金額=278,320 保險扣除=False ✓

[4639] 金額=23,738,240 保險扣除=False ✓

[4640] 金額=1,400,136 保險扣除=False ✓

[4641] 金額=6,021,632 保險扣除=False ✓

[4642] 金額=2,334,399 保險扣除=False ✓

[4643] 金額=11,708,124 保險扣除=False ✓

[4644] 金額=147,614 保險扣除=False ✓

[4645] 金額=5,842,284 保險扣除=False ✓

[4646] 金額=1,075,561 保險扣除=False ✓

[4647] 金額=9,203,174 保險扣除=False ✓

[4648] 金額=3,156,664 保險扣除=False ✓

[4649] 金額=291,530 保險扣除=False ✓

[4650] 金額=1,278,890 保險扣除=False ✓

[4651] 金額=1,641,320 保險扣除=True ✓

[4652] 金額=452,880 保險扣除=False ✓

[4653] 金額=1,366,631 保險扣除=False ✓

[4654] 金額=5,260,344 保險扣除=False ✓

[4655] 金額=1,259,754 保險扣除=False ✓

[4656] 金額=2,098,105 保險扣除=True ✓

[4657] 金額=429,205 保險扣除=False ✓

[4658] 金額=1,726,338 保險扣除=False ✓

[4659] 金額=278,500 保險扣除=False ✓

[4660] 金額=762,900 保險扣除=False ✓

[4661] 金額=3,905,726 保險扣除=False ✓

[4662] 金額=7,868,318 保險扣除=False ✓

[4663] 金額=328,550 保險扣除=True ✓

[4664] 金額=675,300 保險扣除=False ✓

[4665] 金額=1,254,205 保險扣除=False ✓

[4666] 金額=2,040,479 保險扣除=False ✓

[4667] 金額=1,063,118 保險扣除=False ✓

[4668] 金額=187,312 保險扣除=True ✓

[4669] 金額=2,174,557 保險扣除=False ✓

[4670] 金額=2,839,382 保險扣除=False ✓

[4671] 金額=1,890,348 保險扣除=False ✓

[4672] 金額=1,581,600 保險扣除=False ✓

[4673] 金額=855,206 保險扣除=False ✓

[4674] 金額=923,970 保險扣除=False ✓

[4675] 金額=1,316,120 保險扣除=False ✓

[4676] 金額=1,347,259 保險扣除=False ✓

[4677] 金額=1,116,329 保險扣除=False ✓

[4678] 金額=654,026 保險扣除=False ✓

[4679] 金額=1,993,173 保險扣除=False ✓

[4680] 金額=873,165 保險扣除=False ✓

[4681] 金額=1,716,264 保險扣除=False ✓

[4682] 金額=1,008,308 保險扣除=False ✓

[4683] 金額=69,551 保險扣除=False ✓

[4684] 金額=470,548 保險扣除=False ✓

[4685] 金額=16,440,773 保險扣除=False ✓

[4686] 金額=1,186,675 保險扣除=False ✓

[4687] 金額=7,790,624 保險扣除=False ✓

[4688] 金額=3,331,876 保險扣除=False ✓

[4689] 金額=496,029 保險扣除=False ✓

[4690] 金額=10,314,813 保險扣除=False ✓

[4691] 金額=1,702,778 保險扣除=False ✓

[4692] 金額=2,021,575 保險扣除=False ✓

[4693] 金額=687,254 保險扣除=False ✓

[4694] 金額=542,448 保險扣除=False ✓

[4695] 金額=1,301,839 保險扣除=False ✓

[4696] 金額=1,156,113 保險扣除=False ✓

[4697] 金額=3,968,043 保險扣除=False ✓

[4698] 金額=25,882,802 保險扣除=False ✓

[4699] 金額=11,234,754 保險扣除=False ✓

[4700] 金額=1,851,499 保險扣除=False ✓

[4701] 金額=1,860,510 保險扣除=False ✓

[4702] 金額=4,112,378 保險扣除=False ✓

[4703] 金額=984,393 保險扣除=True ✓

[4704] 金額=4,065,615 保險扣除=False ✓

[4705] 金額=8,091,724 保險扣除=False ✓

[4706] 金額=2,350,656 保險扣除=False ✓

[4707] 金額=499,559 保險扣除=True ✓

[4708] 金額=1,251,530 保險扣除=True ✓

[4709] 金額=781,974 保險扣除=False ✓

[4710] 金額=2,000,000 保險扣除=False ✓

[4711] 金額=1,962,077 保險扣除=False ✓

[4712] 金額=3,829,001 保險扣除=False ✓

[4713] 金額=4,647,471 保險扣除=False ✓

[4714] 金額=688,773 保險扣除=False ✓

[4715] 金額=3,371,377 保險扣除=False ✓

[4716] 金額=1,839,776 保險扣除=False ✓

[4717] 金額=1,022,373 保險扣除=False ✓

[4718] 金額=645,563 保險扣除=False ✓

[4719] 金額=638,291 保險扣除=False ✓

[4720] 金額=637,226 保險扣除=False ✓

[4721] 金額=2,464,373 保險扣除=True ✓

[4722] 金額=1,458,356 保險扣除=False ✓

[4723] 金額=15,919,317 保險扣除=False ✓

[4724] 金額=620,187 保險扣除=False ✓

[4725] 金額=1,932,389 保險扣除=False ✓

[4726] 金額=1,663,502 保險扣除=True ✓

[4727] 金額=1,098,800 保險扣除=False ✓

[4728] 金額=360,031 保險扣除=False ✓

[4729] 金額=487,824 保險扣除=False ✓

[4730] 金額=925,211 保險扣除=False ✓

[4731] 金額=1,761,784 保險扣除=False ✓

[4732] 金額=5,952,503 保險扣除=False ✓

[4733] 金額=1,185,879 保險扣除=False ✓

[4734] 金額=1,906,000 保險扣除=False ✓

[4735] 金額=1,806,025 保險扣除=False ✓

[4736] 金額=827,058 保險扣除=False ✓

[4737] 金額=21,106,243 保險扣除=False ✓

[4738] 金額=1,630,824 保險扣除=False ✓

[4739] 金額=2,673,688 保險扣除=False ✓

[4740] 金額=5,660,350 保險扣除=False ✓

[4741] 金額=1,165,498 保險扣除=False ✓

[4742] 金額=5,265,116 保險扣除=False ✓

[4743] 金額=1,318,055 保險扣除=False ✓

[4744] 金額=2,736,303 保險扣除=False ✓

[4745] 金額=12,220,156 保險扣除=False ✓

[4746] 金額=1,251,600 保險扣除=False ✓

[4747] 金額=637,352 保險扣除=False ✓

[4748] 金額=1,123,765 保險扣除=False ✓

[4749] 金額=1,066,387 保險扣除=False ✓

[4750] 金額=2,055,187 保險扣除=False ✓

[4751] 金額=1,371,028 保險扣除=False ✓

[4752] 金額=1,400,000 保險扣除=False ✓

[4753] 金額=1,276,664 保險扣除=False ✓

[4754] 金額=925,800 保險扣除=False ✓

[4755] 金額=4,016,097 保險扣除=False ✓

[4756] 金額=6,074,098 保險扣除=False ✓

[4757] 金額=1,240,000 保險扣除=False ✓

[4758] 金額=794,214 保險扣除=False ✓

[4759] 金額=624,956 保險扣除=False ✓

[4760] 金額=11,113,356 保險扣除=False ✓

[4761] 金額=5,598,385 保險扣除=False ✓

[4762] 金額=10,524,137 保險扣除=False ✓

[4763] 金額=1,404,184 保險扣除=False ✓

[4764] 金額=180,960 保險扣除=False ✓

[4765] 金額=773,482 保險扣除=False ✓

[4766] 金額=1,965,596 保險扣除=False ✓

[4767] 金額=896,692 保險扣除=False ✓

[4768] 金額=815,331 保險扣除=False ✓

[4769] 金額=3,541,133 保險扣除=False ✓

[4770] 金額=2,179,011 保險扣除=False ✓

[4771] 金額=4,836,137 保險扣除=False ✓

[4772] 金額=762,709 保險扣除=False ✓

[4773] 金額=815,400 保險扣除=False ✓

[4774] 金額=5,515,379 保險扣除=False ✓

[4775] 金額=524,119 保險扣除=False ✓

[4776] 金額=163,322 保險扣除=False ✓

[4777] 金額=749,999 保險扣除=False ✓

[4778] 金額=2,031,194 保險扣除=True ✓

[4779] 金額=513,618 保險扣除=False ✓

[4780] 金額=2,140,966 保險扣除=False ✓

[4781] 金額=2,220,067 保險扣除=False ✓

[4782] 金額=13,024,859 保險扣除=False ✓

[4783] 金額=3,857,539 保險扣除=False ✓

[4784] 金額=10,992,348 保險扣除=False ✓

[4785] 金額=33,115,000 保險扣除=True ✓

[4786] 金額=1,642,264 保險扣除=False ✓

[4787] 金額=1,000,000 保險扣除=False ✓

[4788] 金額=1,771,130 保險扣除=False ✓

[4789] 金額=1,200,000 保險扣除=False ✓

[4790] 金額=455,750 保險扣除=False ✓

[4791] 金額=844,245 保險扣除=False ✓

[4792] 金額=5,418,427 保險扣除=False ✓

[4793] 金額=2,622,909 保險扣除=False ✓

[4794] 金額=1,276,448 保險扣除=False ✓

[4795] 金額=3,951,959 保險扣除=False ✓

[4796] 金額=1,753,185 保險扣除=True ✓

[4797] 金額=737,739 保險扣除=False ✓

[4798] 金額=3,241,244 保險扣除=False ✓

[4799] 金額=817,157 保險扣除=False ✓

[4800] 金額=30,542,631 保險扣除=False ✓

[4801] 金額=710,345 保險扣除=False ✓

[4802] 金額=134,445 保險扣除=False ✓

[4803] 金額=256,782 保險扣除=False ✓

[4804] 金額=397,362 保險扣除=False ✓

[4805] 金額=5,142,007 保險扣除=False ✓

[4806] 金額=3,347,482 保險扣除=False ✓

[4807] 金額=2,394,640 保險扣除=False ✓

[4808] 金額=1,631,093 保險扣除=False ✓

[4809] 金額=923,359 保險扣除=False ✓

[4810] 金額=2,975,806 保險扣除=False ✓

[4811] 金額=7,526,210 保險扣除=False ✓

[4812] 金額=3,778,849 保險扣除=False ✓

[4813] 金額=976,978 保險扣除=False ✓

[4814] 金額=680,000 保險扣除=False ✓

[4815] 金額=55,640,000 保險扣除=False ✓

[4816] 金額=1,428,330 保險扣除=False ✓

[4817] 金額=1,195,659 保險扣除=False ✓

[4818] 金額=1,957,303 保險扣除=False ✓

[4819] 金額=237,206 保險扣除=False ✓

[4820] 金額=921,834 保險扣除=False ✓

[4821] 金額=1,737,853 保險扣除=False ✓

[4822] 金額=960,070 保險扣除=False ✓

[4823] 金額=1,033,557 保險扣除=False ✓

[4824] 金額=1,166,463 保險扣除=False ✓

[4825] 金額=2,567,397 保險扣除=False ✓

[4826] 金額=1,549,308 保險扣除=False ✓

[4827] 金額=1,339,057 保險扣除=True ✓

[4828] 金額=128,895 保險扣除=False ✓

[4829] 金額=3,770,749 保險扣除=False ✓

[4830] 金額=537,246 保險扣除=True ✓

[4831] 金額=1,733,113 保險扣除=False ✓

[4832] 金額=746,287 保險扣除=False ✓

[4833] 金額=1,104,710 保險扣除=False ✓

[4834] 金額=742,000 保險扣除=False ✓

[4835] 金額=1,292,000 保險扣除=False ✓

[4836] 金額=1,292,000 保險扣除=False ✓

[4837] 金額=1,239,701 保險扣除=False ✓

[4838] 金額=1,275,566 保險扣除=False ✓

[4839] 金額=310,312 保險扣除=False ✓

[4840] 金額=1,542,704 保險扣除=False ✓

[4841] 金額=709,380 保險扣除=False ✓

[4842] 金額=615,711 保險扣除=False ✓

[4843] 金額=847,399 保險扣除=False ✓

[4844] 金額=9,812,373 保險扣除=False ✓

[4845] 金額=760,945 保險扣除=False ✓

[4846] 金額=1,027,656 保險扣除=False ✓

[4847] 金額=1,109,830 保險扣除=False ✓

[4848] 金額=1,411,959 保險扣除=False ✓

[4849] 金額=3,958,342 保險扣除=False ✓

[4850] 金額=1,265,091 保險扣除=False ✓

[4851] 金額=9,737,778 保險扣除=False ✓

[4852] 金額=212,662 保險扣除=False ✓

[4853] 金額=1,559,204 保險扣除=False ✓

[4854] 金額=2,536,304 保險扣除=False ✓

[4855] 金額=250,000 保險扣除=False ✓

[4856] 金額=3,784,966 保險扣除=False ✓

[4857] 金額=1,956,161 保險扣除=False ✓

[4858] 金額=9,766,468 保險扣除=False ✓

[4859] 金額=950,000 保險扣除=False ✓

[4860] 金額=425,008 保險扣除=False ✓

[4861] 金額=3,554,615 保險扣除=False ✓

[4862] 金額=1,279,288 保險扣除=False ✓

[4863] 金額=4,620,103 保險扣除=False ✓

[4864] 金額=9,187,335 保險扣除=False ✓

[4865] 金額=59,829,122 保險扣除=False ✓

[4866] 金額=1,530,894 保險扣除=False ✓

[4867] 金額=26,316,118 保險扣除=False ✓

[4868] 金額=1,724,777 保險扣除=False ✓

[4869] 金額=1,740,079 保險扣除=False ✓

[4870] 金額=2,010,798 保險扣除=False ✓

[4871] 金額=4,608,362 保險扣除=False ✓

[4872] 金額=2,977,770 保險扣除=False ✓

[4873] 金額=1,170,999 保險扣除=False ✓

[4874] 金額=337,236 保險扣除=False ✓

[4875] 金額=743,816 保險扣除=False ✓

[4876] 金額=1,473,785 保險扣除=False ✓

[4877] 金額=689,367 保險扣除=True ✓

[4878] 金額=576,385 保險扣除=False ✓

[4879] 金額=1,255,410 保險扣除=False ✓

[4880] 金額=241,023 保險扣除=False ✓

[4881] 金額=1,340,127 保險扣除=False ✓

[4882] 金額=1,685,229 保險扣除=False ✓

[4883] 金額=2,000,000 保險扣除=False ✓

[4884] 金額=139,000 保險扣除=False ✓

[4885] 金額=917,675 保險扣除=False ✓

[4886] 金額=1,032,576 保險扣除=False ✓

[4887] 金額=2,885,804 保險扣除=True ✓

[4888] 金額=4,668,262 保險扣除=False ✓

[4889] 金額=1,638,332 保險扣除=False ✓

[4890] 金額=1,388,562 保險扣除=False ✓

[4891] 金額=8,932,327 保險扣除=True ✓

[4892] 金額=227,020 保險扣除=False ✓

[4893] 金額=2,058,534 保險扣除=False ✓

[4894] 金額=733,197 保險扣除=False ✓

[4895] 金額=2,055,000 保險扣除=False ✓

[4896] 金額=1,080,000 保險扣除=False ✓

[4897] 金額=3,750,757 保險扣除=False ✓

[4898] 金額=1,039,894 保險扣除=False ✓

[4899] 金額=1,537,992 保險扣除=False ✓

[4900] 金額=4,950,773 保險扣除=False ✓

[4901] 金額=1,532,928 保險扣除=False ✓

[4902] 金額=2,712,714 保險扣除=False ✓

[4903] 金額=1,930,604 保險扣除=True ✓

[4904] 金額=658,797 保險扣除=False ✓

[4905] 金額=2,820,000 保險扣除=False ✓

[4906] 金額=1,667,326 保險扣除=False ✓

[4907] 金額=721,788 保險扣除=False ✓

[4908] 金額=28,062,271 保險扣除=True ✓

[4909] 金額=858,988 保險扣除=True ✓

[4910] 金額=1,322,867 保險扣除=False ✓

[4911] 金額=942,414 保險扣除=False ✓

[4912] 金額=4,891,333 保險扣除=False ✓

[4913] 金額=464,567 保險扣除=False ✓

[4914] 金額=961,302 保險扣除=False ✓

[4915] 金額=1,244,541 保險扣除=False ✓

[4916] 金額=2,029,980 保險扣除=False ✓

[4917] 金額=1,038,052 保險扣除=False ✓

[4918] 金額=712,363 保險扣除=False ✓

[4919] 金額=3,810,285 保險扣除=False ✓

[4920] 金額=3,250,211 保險扣除=False ✓

[4921] 金額=310,000 保險扣除=False ✓

[4922] 金額=9,950,138 保險扣除=False ✓

[4923] 金額=374,654 保險扣除=False ✓

[4924] 金額=400,200 保險扣除=True ✓

[4925] 金額=1,821,176 保險扣除=False ✓

[4926] 金額=159,791 保險扣除=False ✓

[4927] 金額=993,872 保險扣除=False ✓

[4928] 金額=2,746,794 保險扣除=False ✓

[4929] 金額=8,388,517 保險扣除=True ✓

[4930] 金額=1,311,560 保險扣除=True ✓

[4931] 金額=1,372,454 保險扣除=False ✓

[4932] 金額=2,058,971 保險扣除=False ✓

[4933] 金額=313,398 保險扣除=False ✓

[4934] 金額=900,088 保險扣除=False ✓

[4935] 金額=1,234,530 保險扣除=False ✓

[4936] 金額=1,428,525 保險扣除=False ✓

[4937] 金額=957,125 保險扣除=False ✓

[4938] 金額=1,677,121 保險扣除=True ✓

[4939] 金額=12,909,999 保險扣除=False ✓

[4940] 金額=39,700 保險扣除=False ✓

[4941] 金額=452,230 保險扣除=False ✓

[4942] 金額=2,121,021 保險扣除=False ✓

[4943] 金額=100,000 保險扣除=False ✓

[4944] 金額=14,648,357 保險扣除=False ✓

[4945] 金額=1,674,357 保險扣除=False ✓

[4946] 金額=6,831,715 保險扣除=False ✓

[4947] 金額=892,574 保險扣除=False ✓

[4948] 金額=2,992,613 保險扣除=True ✓

[4949] 金額=11,673,619 保險扣除=False ✓

[4950] 金額=1,159,044 保險扣除=False ✓

[4951] 金額=3,702,102 保險扣除=False ✓

[4952] 金額=3,300,919 保險扣除=False ✓

[4953] 金額=1,633,123 保險扣除=False ✓

[4954] 金額=13,698,569 保險扣除=False ✓

[4955] 金額=545,489 保險扣除=False ✓

[4956] 金額=8,166,742 保險扣除=False ✓

[4957] 金額=2,141,833 保險扣除=True ✓

[4958] 金額=2,263,691 保險扣除=False ✓

[4959] 金額=5,186,562 保險扣除=False ✓

[4960] 金額=2,503,451 保險扣除=False ✓

[4961] 金額=1,643,462 保險扣除=False ✓

[4962] 金額=988,834 保險扣除=False ✓

[4963] 金額=2,066,249 保險扣除=True ✓

[4964] 金額=679,772 保險扣除=True ✓

[4965] 金額=1,448,009 保險扣除=False ✓

[4966] 金額=700,000 保險扣除=False ✓

[4967] 金額=1,913,013 保險扣除=False ✓

[4968] 金額=772,223 保險扣除=False ✓

[4969] 金額=2,782,165 保險扣除=False ✓

[4970] 金額=4,448,539 保險扣除=True ✓

[4971] 金額=6,268,841 保險扣除=True ✓

[4972] 金額=231,659 保險扣除=False ✓

[4973] 金額=5,341,409 保險扣除=False ✓

[4974] 金額=1,641,380 保險扣除=False ✓

[4975] 金額=600,000 保險扣除=False ✓

[4976] 金額=3,218,059 保險扣除=True ✓

[4977] 金額=7,077,222 保險扣除=False ✓

[4978] 金額=1,043,944 保險扣除=True ✓

[4979] 金額=6,328,519 保險扣除=True ✓

[4980] 金額=10,659,905 保險扣除=False ✓

[4981] 金額=6,538,884 保險扣除=False ✓

[4982] 金額=1,821,733 保險扣除=False ✓

[4983] 金額=1,465,617 保險扣除=False ✓

[4984] 金額=3,412,109 保險扣除=False ✓

[4985] 金額=1,051,116 保險扣除=False ✓

[4986] 金額=1,595,404 保險扣除=False ✓

[4987] 金額=6,996,654 保險扣除=False ✓

[4988] 金額=2,354,324 保險扣除=False ✓

[4989] 金額=1,176,450 保險扣除=False ✓

[4990] 金額=1,984,142 保險扣除=False ✓

[4991] 金額=673,205 保險扣除=True ✓

[4992] 金額=1,599,367 保險扣除=True ✓

[4993] 金額=585,000 保險扣除=False ✓

[4994] 金額=4,322,893 保險扣除=False ✓

[4995] 金額=1,680,353 保險扣除=False ✓

[4996] 金額=689,592 保險扣除=True ✓

[4997] 金額=699,936 保險扣除=False ✓

[4998] 金額=1,754,059 保險扣除=False ✓

[4999] 金額=2,084,310 保險扣除=False ✓

[5000] 金額=1,200,000 保險扣除=False ✓

[5001] 金額=3,186,198 保險扣除=False ✓

[5002] 金額=1,769,237 保險扣除=False ✓

[5003] 金額=13,823,470 保險扣除=False ✓

[5004] 金額=2,969,463 保險扣除=False ✓

[5005] 金額=1,625,843 保險扣除=False ✓

[5006] 金額=3,606,657 保險扣除=False ✓

[5007] 金額=3,742,167 保險扣除=True ✓

[5008] 金額=3,331,043 保險扣除=False ✓

[5009] 金額=583,798 保險扣除=False ✓

[5010] 金額=8,511,618 保險扣除=False ✓

[5011] 金額=1,058,449 保險扣除=False ✓

[5012] 金額=4,849,250 保險扣除=False ✓

[5013] 金額=1,307,849 保險扣除=False ✓

[5014] 金額=694,941 保險扣除=False ✓

[5015] 金額=1,111,894 保險扣除=False ✓

[5016] 金額=560,457 保險扣除=False ✓

[5017] 金額=1,124,998 保險扣除=False ✓

[5018] 金額=3,170,634 保險扣除=False ✓

[5019] 金額=70,192,185 保險扣除=False ✓

[5020] 金額=1,416,031 保險扣除=False ✓

[5021] 金額=4,913,908 保險扣除=False ✓

[5022] 金額=11,931,985 保險扣除=True ✓

[5023] 金額=7,111,181 保險扣除=False ✓

[5024] 金額=41,087,754 保險扣除=False ✓

[5025] 金額=1,205,985 保險扣除=False ✓

[5026] 金額=1,990,681 保險扣除=False ✓

[5027] 金額=855,903 保險扣除=False ✓

[5028] 金額=1,342,937 保險扣除=False ✓

[5029] 金額=26,450,000 保險扣除=True ✓

[5030] 金額=842,758 保險扣除=False ✓

[5031] 金額=7,729,141 保險扣除=False ✓

[5032] 金額=10,913,599 保險扣除=False ✓

[5033] 金額=1,089,858 保險扣除=False ✓

[5034] 金額=790,370 保險扣除=True ✓

[5035] 金額=3,585,684 保險扣除=False ✓

[5036] 金額=3,075,439 保險扣除=False ✓

[5037] 金額=766,903 保險扣除=False ✓

[5038] 金額=1,241,601 保險扣除=False ✓

[5039] 金額=3,537,800 保險扣除=False ✓

[5040] 金額=6,640,841 保險扣除=False ✓

[5041] 金額=88,568 保險扣除=False ✓

[5042] 金額=830,560 保險扣除=False ✓

[5043] 金額=2,398,000 保險扣除=False ✓

[5044] 金額=105,387,000 保險扣除=False ✓

[5045] 金額=2,949,719 保險扣除=False ✓

[5046] 金額=1,569,788 保險扣除=False ✓

[5047] 金額=590,266 保險扣除=False ✓

[5048] 金額=586,011 保險扣除=True ✓

[5049] 金額=190,520 保險扣除=False ✓

[5050] 金額=2,792,677 保險扣除=False ✓

[5051] 金額=599,518 保險扣除=False ✓

[5052] 金額=2,474,449 保險扣除=False ✓

[5053] 金額=1,342,348 保險扣除=False ✓

[5054] 金額=2,487,690 保險扣除=True ✓

[5055] 金額=195,826 保險扣除=False ✓

[5056] 金額=1,028,493 保險扣除=False ✓

[5057] 金額=11,751,917 保險扣除=False ✓

[5058] 金額=2,424,440 保險扣除=False ✓

[5059] 金額=1,586,669 保險扣除=False ✓

[5060] 金額=1,059,848 保險扣除=False ✓

[5061] 金額=4,121,511 保險扣除=False ✓

[5062] 金額=1,164,077 保險扣除=False ✓

[5063] 金額=1,170,785 保險扣除=False ✓

[5064] 金額=21,759,942 保險扣除=False ✓

[5065] 金額=3,499,390 保險扣除=False ✓

[5066] 金額=2,585,636 保險扣除=False ✓

[5067] 金額=1,031,460 保險扣除=False ✓

[5068] 金額=1,716,351 保險扣除=True ✓

[5069] 金額=3,805,160 保險扣除=False ✓

[5070] 金額=20,880,164 保險扣除=True ✓

[5071] 金額=1,320,957 保險扣除=False ✓

[5072] 金額=916,162 保險扣除=False ✓

[5073] 金額=1,548,350 保險扣除=False ✓

[5074] 金額=4,124,769 保險扣除=True ✓

[5075] 金額=5,553,008 保險扣除=True ✓

[5076] 金額=1,154,291 保險扣除=False ✓

[5077] 金額=755,077 保險扣除=False ✓

[5078] 金額=2,071,962 保險扣除=False ✓

[5079] 金額=24,661,888 保險扣除=False ✓

[5080] 金額=3,173,675 保險扣除=False ✓

[5081] 金額=2,101,843 保險扣除=True ✓

[5082] 金額=1,094,353 保險扣除=False ✓

[5083] 金額=1,371,034 保險扣除=False ✓

[5084] 金額=641,917 保險扣除=False ✓

[5085] 金額=32,174,245 保險扣除=False ✓

[5086] 金額=1,281,666 保險扣除=False ✓

[5087] 金額=1,579,175 保險扣除=False ✓

[5088] 金額=751,344 保險扣除=False ✓

[5089] 金額=5,123,902 保險扣除=False ✓

[5090] 金額=5,018,176 保險扣除=False ✓

[5091] 金額=3,865,557 保險扣除=False ✓

[5092] 金額=3,329,220 保險扣除=False ✓

[5093] 金額=4,340,215 保險扣除=False ✓

[5094] 金額=10,228,040 保險扣除=False ✓

[5095] 金額=6,540,599 保險扣除=False ✓

[5096] 金額=563,722 保險扣除=False ✓

[5097] 金額=1,631,500 保險扣除=False ✓

[5098] 金額=656,567 保險扣除=False ✓

[5099] 金額=3,221,982 保險扣除=False ✓

[5100] 金額=1,817,635 保險扣除=False ✓

[5101] 金額=11,484,789 保險扣除=False ✓

[5102] 金額=2,079,150 保險扣除=False ✓

[5103] 金額=346,375 保險扣除=True ✓

[5104] 金額=2,275,426 保險扣除=False ✓

[5105] 金額=3,281,819 保險扣除=False ✓

[5106] 金額=2,359,823 保險扣除=False ✓

[5107] 金額=1,362,655 保險扣除=False ✓

[5108] 金額=510,000 保險扣除=True ✓

[5109] 金額=682,892 保險扣除=True ✓

[5110] 金額=5,280,297 保險扣除=False ✓

[5111] 金額=50,751,025 保險扣除=False ✓

[5112] 金額=698,316 保險扣除=False ✓

[5113] 金額=6,669,247 保險扣除=True ✓

[5114] 金額=711,252 保險扣除=False ✓

[5115] 金額=60,000 保險扣除=False ✓

[5116] 金額=1,383,139 保險扣除=False ✓

[5117] 金額=1,394,998 保險扣除=False ✓

[5118] 金額=839,033 保險扣除=False ✓

[5119] 金額=3,132,457 保險扣除=False ✓

[5120] 金額=2,042,580 保險扣除=False ✓

[5121] 金額=639,039 保險扣除=False ✓

[5122] 金額=3,241,247 保險扣除=False ✓

[5123] 金額=1,989,454 保險扣除=True ✓

[5124] 金額=1,570,000 保險扣除=False ✓

[5125] 金額=861,338 保險扣除=False ✓

[5126] 金額=4,885,845 保險扣除=False ✓

[5127] 金額=1,498,957 保險扣除=False ✓

[5128] 金額=577,000 保險扣除=True ✓

[5129] 金額=518,033 保險扣除=False ✓

[5130] 金額=1,037,771 保險扣除=True ✓

[5131] 金額=1,202,712 保險扣除=True ✓

[5132] 金額=1,420,000 保險扣除=False ✓

[5133] 金額=490,000 保險扣除=False ✓

[5134] 金額=287,599 保險扣除=True ✓

[5135] 金額=3,562,110 保險扣除=False ✓

[5136] 金額=1,000,000 保險扣除=False ✓

[5137] 金額=295,460 保險扣除=False ✓

[5138] 金額=1,755,133 保險扣除=False ✓

[5139] 金額=13,590,000 保險扣除=False ✓

[5140] 金額=522,394 保險扣除=False ✓

[5141] 金額=1,290,308 保險扣除=False ✓

[5142] 金額=2,839,073 保險扣除=False ✓

[5143] 金額=521,559 保險扣除=False ✓

[5144] 金額=5,691,491 保險扣除=True ✓

[5145] 金額=4,851,354 保險扣除=False ✓

[5146] 金額=11,528,831 保險扣除=False ✓

[5147] 金額=1,444,515 保險扣除=True ✓

[5148] 金額=8,160,120 保險扣除=False ✓

[5149] 金額=11,626,956 保險扣除=False ✓

[5150] 金額=2,381,826 保險扣除=False ✓

[5151] 金額=1,538,234 保險扣除=False ✓

[5152] 金額=740,870 保險扣除=False ✓

[5153] 金額=2,119,358 保險扣除=True ✓

[5154] 金額=5,045,902 保險扣除=False ✓

[5155] 金額=863,090 保險扣除=True ✓

[5156] 金額=1,104,000 保險扣除=False ✓

[5157] 金額=1,000,515 保險扣除=False ✓

[5158] 金額=1,874,620 保險扣除=False ✓

[5159] 金額=991,403 保險扣除=False ✓

[5160] 金額=8,539,395 保險扣除=True ✓

[5161] 金額=720,135 保險扣除=False ✓

[5162] 金額=873,703 保險扣除=False ✓

[5163] 金額=7,053,155 保險扣除=False ✓

[5164] 金額=875,278 保險扣除=True ✓

[5165] 金額=4,052,770 保險扣除=False ✓

[5166] 金額=12,326,604 保險扣除=False ✓

[5167] 金額=54,069,771 保險扣除=False ✓

[5168] 金額=3,321,726 保險扣除=False ✓

[5169] 金額=1,605,955 保險扣除=False ✓

[5170] 金額=905,175 保險扣除=False ✓

[5171] 金額=615,139 保險扣除=False ✓

[5172] 金額=7,053,729 保險扣除=False ✓

[5173] 金額=222,312 保險扣除=True ✓

[5174] 金額=10,915,368 保險扣除=True ✓

[5175] 金額=1,083,279 保險扣除=True ✓

[5176] 金額=1,298,671 保險扣除=False ✓

[5177] 金額=671,175 保險扣除=False ✓

[5178] 金額=1,510,148 保險扣除=True ✓

[5179] 金額=13,999,907 保險扣除=False ✓

[5180] 金額=3,641,741 保險扣除=False ✓

[5181] 金額=450,000 保險扣除=True ✓

[5182] 金額=3,235,781 保險扣除=False ✓

[5183] 金額=2,130,702 保險扣除=False ✓

[5184] 金額=259,061 保險扣除=False ✓

[5185] 金額=800,413 保險扣除=False ✓

[5186] 金額=1,771,474 保險扣除=False ✓

[5187] 金額=1,053,787 保險扣除=False ✓

[5188] 金額=675,814 保險扣除=False ✓

[5189] 金額=660,000 保險扣除=False ✓

[5190] 金額=2,090,218 保險扣除=True ✓

[5191] 金額=965,996 保險扣除=False ✓

[5192] 金額=4,479,096 保險扣除=True ✓

[5193] 金額=708,598 保險扣除=False ✓

[5194] 金額=2,799,871 保險扣除=False ✓

[5195] 金額=1,075,070 保險扣除=False ✓

[5196] 金額=1,896,669 保險扣除=False ✓

[5197] 金額=11,511,733 保險扣除=False ✓

[5198] 金額=2,619,985 保險扣除=False ✓

[5199] 金額=1,205,004 保險扣除=False ✓

[5200] 金額=2,828,760 保險扣除=False ✓

[5201] 金額=9,369,292 保險扣除=False ✓

[5202] 金額=691,000 保險扣除=False ✓

[5203] 金額=5,847,767 保險扣除=True ✓

[5204] 金額=1,056,311 保險扣除=True ✓

[5205] 金額=5,352,130 保險扣除=False ✓

[5206] 金額=73,089,960 保險扣除=False ✓

[5207] 金額=1,690,364 保險扣除=True ✓

[5208] 金額=31,435,009 保險扣除=False ✓

[5209] 金額=1,421,537 保險扣除=True ✓

[5210] 金額=1,581,690 保險扣除=False ✓

[5211] 金額=1,441,912 保險扣除=False ✓

[5212] 金額=27,091,376 保險扣除=True ✓

[5213] 金額=18,658,003 保險扣除=False ✓

[5214] 金額=571,455 保險扣除=False ✓

[5215] 金額=2,204,572 保險扣除=False ✓

[5216] 金額=1,428,476 保險扣除=False ✓

[5217] 金額=1,350,743 保險扣除=False ✓

[5218] 金額=1,952,919 保險扣除=False ✓

[5219] 金額=287,395 保險扣除=False ✓

[5220] 金額=557,676 保險扣除=False ✓

[5221] 金額=1,392,383 保險扣除=False ✓

[5222] 金額=16,915,000 保險扣除=False ✓

[5223] 金額=1,468,004 保險扣除=False ✓

[5224] 金額=901,799 保險扣除=False ✓

[5225] 金額=979,857 保險扣除=False ✓

[5226] 金額=1,059,428 保險扣除=False ✓

[5227] 金額=1,331,974 保險扣除=False ✓

[5228] 金額=1,777,439 保險扣除=False ✓

[5229] 金額=1,091,873 保險扣除=False ✓

[5230] 金額=2,613,525 保險扣除=False ✓

[5231] 金額=2,695,247 保險扣除=False ✓

[5232] 金額=9,975,851 保險扣除=False ✓

[5233] 金額=441,818 保險扣除=False ✓

[5234] 金額=687,987 保險扣除=False ✓

[5235] 金額=859,433 保險扣除=False ✓

[5236] 金額=2,928,177 保險扣除=False ✓

[5237] 金額=97,550 保險扣除=False ✓

[5238] 金額=1,279,819 保險扣除=False ✓

[5239] 金額=1,360,824 保險扣除=False ✓

[5240] 金額=28,392,210 保險扣除=True ✓

[5241] 金額=886,556 保險扣除=False ✓

[5242] 金額=15,434,960 保險扣除=False ✓

[5243] 金額=595,349 保險扣除=True ✓

[5244] 金額=1,265,364 保險扣除=False ✓

[5245] 金額=661,688 保險扣除=False ✓

[5246] 金額=1,196,448 保險扣除=False ✓

[5247] 金額=721,416 保險扣除=True ✓

[5248] 金額=3,882,115 保險扣除=True ✓

[5249] 金額=531,000 保險扣除=False ✓

[5250] 金額=1,657,440 保險扣除=True ✓

[5251] 金額=3,600,000 保險扣除=False ✓

[5252] 金額=1,154,202 保險扣除=True ✓

[5253] 金額=399,690 保險扣除=False ✓

[5254] 金額=16,376,267 保險扣除=True ✓

[5255] 金額=17,315,184 保險扣除=True ✓

[5256] 金額=800,000 保險扣除=False ✓

[5257] 金額=600,030 保險扣除=False ✓

[5258] 金額=2,537,978 保險扣除=False ✓

[5259] 金額=3,400,276 保險扣除=False ✓

[5260] 金額=1,505,086 保險扣除=False ✓

[5261] 金額=332,560 保險扣除=False ✓

[5262] 金額=3,360,693 保險扣除=False ✓

[5263] 金額=2,192,527 保險扣除=False ✓

[5264] 金額=306,300 保險扣除=False ✓

[5265] 金額=652,482 保險扣除=False ✓

[5266] 金額=887,550 保險扣除=False ✓

[5267] 金額=1,517,718 保險扣除=False ✓

[5268] 金額=530,664 保險扣除=False ✓

[5269] 金額=10,663,261 保險扣除=False ✓

[5270] 金額=538,194 保險扣除=False ✓

[5271] 金額=2,383,606 保險扣除=False ✓

[5272] 金額=1,257,570 保險扣除=True ✓

[5273] 金額=1,482,263 保險扣除=False ✓

[5274] 金額=1,482,263 保險扣除=False ✓

[5275] 金額=1,122,655 保險扣除=False ✓

[5276] 金額=1,050,000 保險扣除=False ✓

[5277] 金額=2,121,970 保險扣除=True ✓

[5278] 金額=331,900 保險扣除=False ✓

[5279] 金額=826,166 保險扣除=False ✓

[5280] 金額=851,690 保險扣除=False ✓

[5281] 金額=538,471 保險扣除=True ✓

[5282] 金額=679,383 保險扣除=False ✓

[5283] 金額=758,619 保險扣除=True ✓

[5284] 金額=1,521,222 保險扣除=False ✓

[5285] 金額=140,559 保險扣除=False ✓

[5286] 金額=2,000,576 保險扣除=False ✓

[5287] 金額=616,297 保險扣除=False ✓

[5288] 金額=1,024,237 保險扣除=False ✓

[5289] 金額=2,000,000 保險扣除=False ✓

[5290] 金額=676,094 保險扣除=False ✓

[5291] 金額=2,453,604 保險扣除=True ✓

[5292] 金額=811,171 保險扣除=False ✓

[5293] 金額=3,407,461 保險扣除=True ✓

[5294] 金額=1,349,702 保險扣除=False ✓

[5295] 金額=2,888,367 保險扣除=False ✓

[5296] 金額=992,330 保險扣除=True ✓

[5297] 金額=899,484 保險扣除=False ✓

[5298] 金額=6,808,360 保險扣除=False ✓

[5299] 金額=8,000,000 保險扣除=False ✓

[5300] 金額=7,530,909 保險扣除=False ✓

[5301] 金額=6,008,975 保險扣除=False ✓

[5302] 金額=1,600,000 保險扣除=True ✓

[5303] 金額=3,433,641 保險扣除=False ✓

[5304] 金額=5,695,689 保險扣除=False ✓

[5305] 金額=642,206 保險扣除=False ✓

[5306] 金額=2,033,980 保險扣除=False ✓

[5307] 金額=540,323 保險扣除=False ✓

[5308] 金額=5,532,552 保險扣除=False ✓

[5309] 金額=5,030,755 保險扣除=False ✓

[5310] 金額=2,164,000 保險扣除=False ✓

[5311] 金額=1,751,389 保險扣除=False ✓

[5312] 金額=691,604 保險扣除=True ✓

[5313] 金額=5,778,849 保險扣除=False ✓

[5314] 金額=3,507,715 保險扣除=False ✓

[5315] 金額=570,022 保險扣除=False ✓

[5316] 金額=3,636,916 保險扣除=True ✓

[5317] 金額=1,668,042 保險扣除=False ✓

[5318] 金額=3,737,436 保險扣除=True ✓

[5319] 金額=2,087,909 保險扣除=False ✓

[5320] 金額=20,843,299 保險扣除=False ✓

[5321] 金額=2,790,783 保險扣除=False ✓

[5322] 金額=1,806,174 保險扣除=False ✓

[5323] 金額=1,880,000 保險扣除=True ✓

[5324] 金額=494,557 保險扣除=True ✓

[5325] 金額=3,166,193 保險扣除=False ✓

[5326] 金額=950,000 保險扣除=False ✓

[5327] 金額=19,833,528 保險扣除=True ✓

[5328] 金額=1,480,558 保險扣除=True ✓

[5329] 金額=3,990,000 保險扣除=False ✓

[5330] 金額=7,394,115 保險扣除=False ✓

[5331] 金額=2,606,594 保險扣除=False ✓

[5332] 金額=699,336 保險扣除=False ✓

[5333] 金額=780,449 保險扣除=False ✓

[5334] 金額=1,262,208 保險扣除=False ✓

[5335] 金額=1,651,246 保險扣除=False ✓

[5336] 金額=1,422,181 保險扣除=False ✓

[5337] 金額=3,904,878 保險扣除=False ✓

[5338] 金額=626,200 保險扣除=False ✓

[5339] 金額=960,790 保險扣除=False ✓

[5340] 金額=25,926,436 保險扣除=False ✓

[5341] 金額=6,424,286 保險扣除=True ✓

[5342] 金額=7,506,168 保險扣除=False ✓

[5343] 金額=2,000,000 保險扣除=False ✓

[5344] 金額=711,701 保險扣除=False ✓

[5345] 金額=1,200,000 保險扣除=False ✓

[5346] 金額=2,795,654 保險扣除=False ✓

[5347] 金額=3,979,122 保險扣除=False ✓

[5348] 金額=1,521,832 保險扣除=False ✓

[5349] 金額=2,922,333 保險扣除=False ✓

[5350] 金額=1,424,622 保險扣除=False ✓

[5351] 金額=7,288,614 保險扣除=False ✓

[5352] 金額=530,000 保險扣除=False ✓

[5353] 金額=5,939,789 保險扣除=False ✓

[5354] 金額=589,425 保險扣除=True ✓

[5355] 金額=1,146,066 保險扣除=False ✓

[5356] 金額=372,012 保險扣除=False ✓

[5357] 金額=468,840 保險扣除=False ✓

[5358] 金額=974,145 保險扣除=False ✓

[5359] 金額=1,135,280 保險扣除=False ✓

[5360] 金額=200,000 保險扣除=False ✓

[5361] 金額=76,977 保險扣除=False ✓

[5362] 金額=3,256,960 保險扣除=False ✓

[5363] 金額=1,472,400 保險扣除=False ✓

[5364] 金額=854,763 保險扣除=False ✓

[5365] 金額=3,723,418 保險扣除=False ✓

[5366] 金額=1,884,211 保險扣除=False ✓

[5367] 金額=200,000 保險扣除=False ✓

[5368] 金額=15,302,365 保險扣除=False ✓

[5369] 金額=790,298 保險扣除=False ✓

[5370] 金額=985,333 保險扣除=False ✓

[5371] 金額=6,520,000 保險扣除=True ✓

[5372] 金額=650,000 保險扣除=False ✓

[5373] 金額=1,488,773 保險扣除=False ✓

[5374] 金額=2,000,000 保險扣除=False ✓

[5375] 金額=1,400,422 保險扣除=True ✓

[5376] 金額=1,390,193 保險扣除=False ✓

[5377] 金額=6,530,382 保險扣除=False ✓

[5378] 金額=1,990,150 保險扣除=False ✓

[5379] 金額=10,158,110 保險扣除=True ✓

[5380] 金額=1,217,173 保險扣除=False ✓

[5381] 金額=1,765,660 保險扣除=True ✓

[5382] 金額=8,177,212 保險扣除=False ✓

[5383] 金額=1,030,978 保險扣除=False ✓

[5384] 金額=3,401,805 保險扣除=True ✓

[5385] 金額=557,064 保險扣除=False ✓

[5386] 金額=6,643,702 保險扣除=False ✓

[5387] 金額=1,345,126 保險扣除=False ✓

[5388] 金額=3,092,644 保險扣除=False ✓

[5389] 金額=1,295,005 保險扣除=False ✓

[5390] 金額=10,014,627 保險扣除=False ✓

[5391] 金額=8,699,310 保險扣除=True ✓

[5392] 金額=6,025,570 保險扣除=False ✓

[5393] 金額=7,425,176 保險扣除=True ✓

[5394] 金額=900,000 保險扣除=False ✓

[5395] 金額=2,000,000 保險扣除=False ✓

[5396] 金額=832,975 保險扣除=False ✓

[5397] 金額=3,080,564 保險扣除=False ✓

[5398] 金額=3,565,578 保險扣除=False ✓

[5399] 金額=14,833,744 保險扣除=False ✓

[5400] 金額=4,089,881 保險扣除=False ✓

[5401] 金額=4,368,788 保險扣除=False ✓

[5402] 金額=400,243 保險扣除=False ✓

[5403] 金額=890,489 保險扣除=True ✓

[5404] 金額=1,270,906 保險扣除=False ✓

[5405] 金額=854,829 保險扣除=False ✓

[5406] 金額=2,207,961 保險扣除=True ✓

[5407] 金額=600,400 保險扣除=False ✓

[5408] 金額=1,155,663 保險扣除=False ✓

[5409] 金額=4,567,761 保險扣除=False ✓

[5410] 金額=3,068,895 保險扣除=False ✓

[5411] 金額=2,844,764 保險扣除=True ✓

[5412] 金額=3,769,130 保險扣除=False ✓

[5413] 金額=26,163,729 保險扣除=True ✓

[5414] 金額=37,389,390 保險扣除=False ✓

[5415] 金額=3,040,951 保險扣除=True ✓

[5416] 金額=3,566,252 保險扣除=True ✓

[5417] 金額=1,264,990 保險扣除=False ✓

[5418] 金額=573,110 保險扣除=True ✓

[5419] 金額=2,893,799 保險扣除=False ✓

[5420] 金額=4,348,039 保險扣除=False ✓

[5421] 金額=197,870 保險扣除=False ✓

[5422] 金額=5,069,101 保險扣除=True ✓

[5423] 金額=1,161,714 保險扣除=False ✓

[5424] 金額=1,030,178 保險扣除=False ✓

[5425] 金額=4,002,444 保險扣除=False ✓

[5426] 金額=2,934,944 保險扣除=False ✓

[5427] 金額=1,395,898 保險扣除=False ✓

[5428] 金額=5,562,962 保險扣除=False ✓

[5429] 金額=12,816,504 保險扣除=False ✓

[5430] 金額=3,142,038 保險扣除=False ✓

[5431] 金額=10,005,793 保險扣除=False ✓

[5432] 金額=3,549,488 保險扣除=False ✓

[5433] 金額=3,226,654 保險扣除=True ✓

[5434] 金額=6,031,510 保險扣除=False ✓

[5435] 金額=1,338,802 保險扣除=True ✓

[5436] 金額=1,981,193 保險扣除=False ✓

[5437] 金額=689,700 保險扣除=False ✓

[5438] 金額=20,689,388 保險扣除=False ✓

[5439] 金額=2,517,720 保險扣除=False ✓

[5440] 金額=4,286,257 保險扣除=False ✓

[5441] 金額=2,881,512 保險扣除=False ✓

[5442] 金額=837,702 保險扣除=True ✓

[5443] 金額=1,266,475 保險扣除=False ✓

[5444] 金額=5,851,398 保險扣除=False ✓

[5445] 金額=9,702,247 保險扣除=False ✓

[5446] 金額=1,090,000 保險扣除=False ✓

[5447] 金額=587,931 保險扣除=False ✓

[5448] 金額=1,575,157 保險扣除=False ✓

[5449] 金額=5,187,676 保險扣除=False ✓

[5450] 金額=26,734,265 保險扣除=False ✓

[5451] 金額=694,540 保險扣除=False ✓

[5452] 金額=503,234 保險扣除=False ✓

[5453] 金額=503,234 保險扣除=False ✓

[5454] 金額=2,579,407 保險扣除=True ✓

[5455] 金額=3,315,939 保險扣除=False ✓

[5456] 金額=4,514,116 保險扣除=False ✓

[5457] 金額=2,000,000 保險扣除=False ✓

[5458] 金額=1,408,218 保險扣除=True ✓

[5459] 金額=98,200 保險扣除=False ✓

[5460] 金額=15,120,687 保險扣除=True ✓

[5461] 金額=2,729,979 保險扣除=False ✓

[5462] 金額=29,723,268 保險扣除=True ✓

[5463] 金額=22,366,577 保險扣除=False ✓

[5464] 金額=815,658 保險扣除=False ✓

[5465] 金額=3,758,746 保險扣除=False ✓

[5466] 金額=5,068,562 保險扣除=True ✓

[5467] 金額=27,922,977 保險扣除=True ✓

[5468] 金額=904,382 保險扣除=False ✓

[5469] 金額=1,744,740 保險扣除=False ✓

[5470] 金額=796,746 保險扣除=False ✓

[5471] 金額=5,135,004 保險扣除=False ✓

[5472] 金額=5,671,896 保險扣除=False ✓

[5473] 金額=5,000,372 保險扣除=True ✓

[5474] 金額=15,239,253 保險扣除=False ✓

[5475] 金額=3,360,730 保險扣除=False ✓

[5476] 金額=826,404 保險扣除=False ✓

[5477] 金額=3,947,756 保險扣除=False ✓

[5478] 金額=8,848,864 保險扣除=False ✓

[5479] 金額=10,000,000 保險扣除=False ✓

[5480] 金額=3,120,580 保險扣除=False ✓

[5481] 金額=1,771,879 保險扣除=False ✓

[5482] 金額=18,632,364 保險扣除=False ✓

[5483] 金額=1,397,274 保險扣除=False ✓

[5484] 金額=16,059,667 保險扣除=False ✓

[5485] 金額=1,095,238 保險扣除=False ✓

[5486] 金額=2,019,554 保險扣除=True ✓

[5487] 金額=3,375,706 保險扣除=False ✓

[5488] 金額=826,509 保險扣除=False ✓

[5489] 金額=16,687,734 保險扣除=True ✓

[5490] 金額=1,807,339 保險扣除=True ✓

[5491] 金額=1,240,929 保險扣除=False ✓

[5492] 金額=2,424,226 保險扣除=True ✓

[5493] 金額=4,509,879 保險扣除=False ✓

[5494] 金額=2,177,936 保險扣除=False ✓

[5495] 金額=30,600,388 保險扣除=True ✓

[5496] 金額=2,173,476 保險扣除=False ✓

[5497] 金額=4,945,140 保險扣除=False ✓

[5498] 金額=1,449,818 保險扣除=False ✓

[5499] 金額=1,022,790 保險扣除=False ✓

[5500] 金額=1,390,481 保險扣除=False ✓

[5501] 金額=1,016,326 保險扣除=False ✓

[5502] 金額=1,549,115 保險扣除=False ✓

[5503] 金額=3,853,467 保險扣除=False ✓

[5504] 金額=2,902,440 保險扣除=False ✓

[5505] 金額=1,634,981 保險扣除=False ✓

[5506] 金額=1,307,523 保險扣除=False ✓

[5507] 金額=2,919,376 保險扣除=False ✓

[5508] 金額=2,919,376 保險扣除=False ✓

[5509] 金額=3,606,610 保險扣除=True ✓

[5510] 金額=6,446,762 保險扣除=False ✓

[5511] 金額=3,846,559 保險扣除=False ✓

[5512] 金額=1,484,967 保險扣除=True ✓

[5513] 金額=4,545,665 保險扣除=False ✓

[5514] 金額=2,299,135 保險扣除=True ✓

[5515] 金額=567,164 保險扣除=False ✓

[5516] 金額=1,725,786 保險扣除=False ✓

[5517] 金額=807,402 保險扣除=True ✓

[5518] 金額=1,070,121 保險扣除=False ✓

[5519] 金額=2,615,440 保險扣除=False ✓

[5520] 金額=1,517,472 保險扣除=False ✓

[5521] 金額=5,319,837 保險扣除=False ✓

[5522] 金額=38,592,049 保險扣除=False ✓

[5523] 金額=21,188,152 保險扣除=False ✓

[5524] 金額=1,950,571 保險扣除=False ✓

[5525] 金額=5,000,000 保險扣除=True ✓

[5526] 金額=6,321,362 保險扣除=True ✓

[5527] 金額=773,892 保險扣除=False ✓

[5528] 金額=5,239,399 保險扣除=True ✓

[5529] 金額=2,738,438 保險扣除=True ✓

[5530] 金額=3,256,343 保險扣除=False ✓

[5531] 金額=2,577,115 保險扣除=True ✓

[5532] 金額=1,684,581 保險扣除=False ✓

[5533] 金額=5,078,181 保險扣除=False ✓

[5534] 金額=877,394 保險扣除=False ✓

[5535] 金額=1,513,634 保險扣除=True ✓

[5536] 金額=4,079,556 保險扣除=False ✓

[5537] 金額=18,450,320 保險扣除=True ✓

[5538] 金額=895,276 保險扣除=False ✓

[5539] 金額=851,377 保險扣除=False ✓

[5540] 金額=1,290,058 保險扣除=False ✓

[5541] 金額=900,000 保險扣除=False ✓

[5542] 金額=2,953,957 保險扣除=False ✓

[5543] 金額=3,195,130 保險扣除=False ✓

[5544] 金額=4,374,631 保險扣除=True ✓

[5545] 金額=57,737,396 保險扣除=False ✓

[5546] 金額=705,520 保險扣除=False ✓

[5547] 金額=535,518 保險扣除=False ✓

[5548] 金額=1,150,000 保險扣除=False ✓

[5549] 金額=650,479 保險扣除=False ✓

[5550] 金額=10,611,355 保險扣除=False ✓

[5551] 金額=1,324,216 保險扣除=True ✓

[5552] 金額=5,494,440 保險扣除=True ✓

[5553] 金額=18,014,050 保險扣除=True ✓

[5554] 金額=3,827,524 保險扣除=False ✓

[5555] 金額=7,936,627 保險扣除=False ✓

[5556] 金額=5,907,719 保險扣除=False ✓

[5557] 金額=2,043,463 保險扣除=False ✓

[5558] 金額=582,427 保險扣除=True ✓

[5559] 金額=2,542,707 保險扣除=False ✓

[5560] 金額=5,236,507 保險扣除=True ✓

[5561] 金額=4,420,362 保險扣除=False ✓

[5562] 金額=582,713 保險扣除=False ✓

[5563] 金額=526,690 保險扣除=False ✓

[5564] 金額=983,924 保險扣除=True ✓

[5565] 金額=2,193,009 保險扣除=False ✓

[5566] 金額=2,331,678 保險扣除=False ✓

[5567] 金額=1,210,851 保險扣除=False ✓

[5568] 金額=6,662,669 保險扣除=False ✓

[5569] 金額=16,881,674 保險扣除=False ✓

[5570] 金額=1,233,013 保險扣除=False ✓

[5571] 金額=799,334 保險扣除=True ✓

[5572] 金額=15,479,058 保險扣除=True ✓

[5573] 金額=2,714,568 保險扣除=False ✓

[5574] 金額=2,000,000 保險扣除=False ✓

[5575] 金額=916,975 保險扣除=False ✓

[5576] 金額=1,946,140 保險扣除=True ✓

[5577] 金額=6,404,216 保險扣除=False ✓

[5578] 金額=1,211,055 保險扣除=False ✓

[5579] 金額=2,407,462 保險扣除=False ✓

[5580] 金額=19,933,491 保險扣除=True ✓

[5581] 金額=712,417 保險扣除=True ✓

[5582] 金額=4,969,113 保險扣除=False ✓

[5583] 金額=4,969,113 保險扣除=False ✓

[5584] 金額=12,819,665 保險扣除=False ✓

[5585] 金額=4,802,562 保險扣除=False ✓

[5586] 金額=1,081,079 保險扣除=False ✓

[5587] 金額=10,933,120 保險扣除=False ✓

[5588] 金額=2,824,568 保險扣除=True ✓

[5589] 金額=1,242,615 保險扣除=False ✓

[5590] 金額=1,451,141 保險扣除=False ✓

[5591] 金額=1,142,689 保險扣除=False ✓

[5592] 金額=2,806,222 保險扣除=False ✓

[5593] 金額=1,040,209 保險扣除=False ✓

[5594] 金額=4,495,273 保險扣除=False ✓

[5595] 金額=1,605,064 保險扣除=True ✓

[5596] 金額=1,432,303 保險扣除=False ✓

[5597] 金額=10,770,206 保險扣除=True ✓

[5598] 金額=13,502,787 保險扣除=False ✓

[5599] 金額=2,677,005 保險扣除=False ✓

[5600] 金額=3,696,210 保險扣除=False ✓

[5601] 金額=2,926,598 保險扣除=False ✓

[5602] 金額=1,588,653 保險扣除=False ✓

[5603] 金額=1,902,640 保險扣除=False ✓

[5604] 金額=878,121 保險扣除=False ✓

[5605] 金額=736,344 保險扣除=False ✓

[5606] 金額=541,160 保險扣除=False ✓

[5607] 金額=5,092,803 保險扣除=False ✓

[5608] 金額=1,759,030 保險扣除=False ✓

[5609] 金額=3,225,751 保險扣除=False ✓

[5610] 金額=6,652,248 保險扣除=False ✓

[5611] 金額=678,168 保險扣除=False ✓

[5612] 金額=5,895,637 保險扣除=False ✓

[5613] 金額=1,887,345 保險扣除=False ✓

[5614] 金額=835,939 保險扣除=False ✓

[5615] 金額=1,220,951 保險扣除=True ✓

[5616] 金額=1,028,351 保險扣除=False ✓

[5617] 金額=2,389,496 保險扣除=False ✓

[5618] 金額=2,389,496 保險扣除=False ✓

[5619] 金額=2,328,702 保險扣除=False ✓

[5620] 金額=1,098,163 保險扣除=False ✓

[5621] 金額=9,779,290 保險扣除=True ✓

[5622] 金額=7,000,000 保險扣除=True ✓

[5623] 金額=1,464,104 保險扣除=False ✓

[5624] 金額=10,731,140 保險扣除=False ✓

[5625] 金額=1,168,854 保險扣除=False ✓

[5626] 金額=936,690 保險扣除=False ✓

[5627] 金額=5,029,131 保險扣除=False ✓

[5628] 金額=5,222,658 保險扣除=False ✓

[5629] 金額=2,173,731 保險扣除=False ✓

[5630] 金額=2,089,706 保險扣除=False ✓

[5631] 金額=2,501,237 保險扣除=True ✓

[5632] 金額=1,127,694 保險扣除=False ✓

[5633] 金額=1,274,533 保險扣除=False ✓

[5634] 金額=2,060,678 保險扣除=False ✓

[5635] 金額=2,004,065 保險扣除=False ✓

[5636] 金額=813,420 保險扣除=False ✓

[5637] 金額=1,282,760 保險扣除=False ✓

[5638] 金額=6,086,140 保險扣除=True ✓

[5639] 金額=2,711,679 保險扣除=False ✓

[5640] 金額=16,924,346 保險扣除=False ✓

[5641] 金額=1,123,425 保險扣除=False ✓

[5642] 金額=2,801,660 保險扣除=True ✓

[5643] 金額=5,664,439 保險扣除=False ✓

[5644] 金額=16,095,993 保險扣除=False ✓

[5645] 金額=631,947 保險扣除=True ✓

[5646] 金額=1,331,736 保險扣除=False ✓

[5647] 金額=2,958,141 保險扣除=False ✓

[5648] 金額=2,174,608 保險扣除=True ✓

[5649] 金額=10,091,972 保險扣除=False ✓

[5650] 金額=2,592,682 保險扣除=False ✓

[5651] 金額=520,263 保險扣除=False ✓

[5652] 金額=853,031 保險扣除=False ✓

[5653] 金額=1,280,566 保險扣除=False ✓

[5654] 金額=949,659 保險扣除=False ✓

[5655] 金額=2,311,039 保險扣除=False ✓

[5656] 金額=1,024,534 保險扣除=False ✓

[5657] 金額=4,973,795 保險扣除=False ✓

[5658] 金額=4,329,000 保險扣除=True ✓

[5659] 金額=1,959,629 保險扣除=True ✓

[5660] 金額=3,900,777 保險扣除=False ✓

[5661] 金額=843,264 保險扣除=False ✓

[5662] 金額=469,309 保險扣除=False ✓

[5663] 金額=6,322,857 保險扣除=False ✓

[5664] 金額=122,432 保險扣除=True ✓

[5665] 金額=664,862 保險扣除=False ✓

[5666] 金額=1,655,701 保險扣除=False ✓

[5667] 金額=50,000 保險扣除=False ✓

[5668] 金額=9,016,542 保險扣除=False ✓

[5669] 金額=802,835 保險扣除=False ✓

[5670] 金額=878,125 保險扣除=True ✓

[5671] 金額=33,874,845 保險扣除=False ✓

[5672] 金額=564,082 保險扣除=False ✓

[5673] 金額=9,459,671 保險扣除=True ✓

[5674] 金額=831,455 保險扣除=False ✓

[5675] 金額=1,192,820 保險扣除=False ✓

[5676] 金額=1,624,432 保險扣除=False ✓

[5677] 金額=1,122,763 保險扣除=False ✓

[5678] 金額=10,503,322 保險扣除=True ✓

[5679] 金額=1,287,486 保險扣除=False ✓

[5680] 金額=306,238 保險扣除=False ✓

[5681] 金額=36,337,872 保險扣除=True ✓

[5682] 金額=1,792,829 保險扣除=False ✓

[5683] 金額=3,152,570 保險扣除=False ✓

[5684] 金額=1,323,200 保險扣除=False ✓

[5685] 金額=510,750 保險扣除=False ✓

[5686] 金額=1,160,000 保險扣除=False ✓

[5687] 金額=3,595,098 保險扣除=False ✓

[5688] 金額=3,595,098 保險扣除=False ✓

[5689] 金額=681,330 保險扣除=False ✓

[5690] 金額=12,469,984 保險扣除=False ✓

[5691] 金額=2,553,375 保險扣除=True ✓

[5692] 金額=7,731,460 保險扣除=True ✓

[5693] 金額=1,989,740 保險扣除=True ✓

[5694] 金額=517,110 保險扣除=False ✓

[5695] 金額=19,121,801 保險扣除=False ✓

[5696] 金額=688,885 保險扣除=False ✓

[5697] 金額=4,186,444 保險扣除=True ✓

[5698] 金額=1,529,435 保險扣除=True ✓

[5699] 金額=20,035,191 保險扣除=False ✓

[5700] 金額=35,486,748 保險扣除=False ✓

[5701] 金額=336,821 保險扣除=True ✓

[5702] 金額=1,365,245 保險扣除=False ✓

[5703] 金額=6,024,471 保險扣除=True ✓

[5704] 金額=143,820 保險扣除=False ✓

[5705] 金額=209,975 保險扣除=False ✓

[5706] 金額=246,470 保險扣除=False ✓

[5707] 金額=1,207,010 保險扣除=False ✓

[5708] 金額=2,058,698 保險扣除=False ✓

[5709] 金額=3,350,244 保險扣除=False ✓

[5710] 金額=16,437,424 保險扣除=False ✓

[5711] 金額=40,367,905 保險扣除=False ✓

[5712] 金額=3,438,702 保險扣除=False ✓

[5713] 金額=1,970,442 保險扣除=False ✓

[5714] 金額=347,793 保險扣除=False ✓

[5715] 金額=24,280,244 保險扣除=False ✓

[5716] 金額=5,351,878 保險扣除=True ✓

[5717] 金額=693,598 保險扣除=False ✓

[5718] 金額=753,012 保險扣除=True ✓

[5719] 金額=1,672,767 保險扣除=False ✓

[5720] 金額=1,888,632 保險扣除=False ✓

[5721] 金額=2,548,512 保險扣除=False ✓

[5722] 金額=4,397,310 保險扣除=False ✓

[5723] 金額=576,892 保險扣除=False ✓

[5724] 金額=3,667,812 保險扣除=True ✓

[5725] 金額=1,829,664 保險扣除=True ✓

[5726] 金額=3,810,545 保險扣除=False ✓

[5727] 金額=2,030,669 保險扣除=False ✓

[5728] 金額=731,222 保險扣除=False ✓

[5729] 金額=923,202 保險扣除=True ✓

[5730] 金額=2,748,269 保險扣除=False ✓

[5731] 金額=1,204,728 保險扣除=False ✓

[5732] 金額=8,427,633 保險扣除=True ✓

[5733] 金額=3,544,861 保險扣除=False ✓

[5734] 金額=2,680,311 保險扣除=True ✓

[5735] 金額=6,821,202 保險扣除=False ✓

[5736] 金額=1,285,882 保險扣除=False ✓

[5737] 金額=4,069,193 保險扣除=False ✓

[5738] 金額=30,951,467 保險扣除=True ✓

[5739] 金額=10,741,449 保險扣除=False ✓

[5740] 金額=1,131,655 保險扣除=False ✓

[5741] 金額=2,593,172 保險扣除=False ✓

[5742] 金額=14,693,601 保險扣除=False ✓

[5743] 金額=2,117,008 保險扣除=False ✓

[5744] 金額=480,393 保險扣除=False ✓

[5745] 金額=941,867 保險扣除=True ✓

[5746] 金額=9,603,988 保險扣除=False ✓

[5747] 金額=941,690 保險扣除=False ✓

[5748] 金額=7,210,070 保險扣除=True ✓

[5749] 金額=1,763,634 保險扣除=True ✓

[5750] 金額=3,055,032 保險扣除=False ✓

[5751] 金額=597,759 保險扣除=True ✓

[5752] 金額=3,000,000 保險扣除=False ✓

[5753] 金額=1,129,416 保險扣除=False ✓

[5754] 金額=2,069,073 保險扣除=False ✓

[5755] 金額=2,771,941 保險扣除=True ✓

[5756] 金額=1,554,628 保險扣除=True ✓

[5757] 金額=24,668,260 保險扣除=False ✓

[5758] 金額=3,725,147 保險扣除=True ✓

[5759] 金額=594,111 保險扣除=False ✓

[5760] 金額=18,276,805 保險扣除=False ✓

[5761] 金額=1,620,033 保險扣除=False ✓

[5762] 金額=3,051,444 保險扣除=False ✓

[5763] 金額=4,752,407 保險扣除=False ✓

[5764] 金額=1,081,451 保險扣除=False ✓

[5765] 金額=11,931,339 保險扣除=False ✓

[5766] 金額=19,153,765 保險扣除=False ✓

[5767] 金額=1,190,000 保險扣除=False ✓

[5768] 金額=499,461 保險扣除=False ✓

[5769] 金額=16,847,086 保險扣除=False ✓

[5770] 金額=1,936,229 保險扣除=False ✓

[5771] 金額=2,579,630 保險扣除=False ✓

[5772] 金額=3,864,686 保險扣除=False ✓

[5773] 金額=918,165 保險扣除=False ✓

[5774] 金額=6,623,484 保險扣除=False ✓

[5775] 金額=6,068,995 保險扣除=False ✓

[5776] 金額=4,623,366 保險扣除=True ✓

[5777] 金額=1,891,396 保險扣除=False ✓

[5778] 金額=1,731,763 保險扣除=False ✓

[5779] 金額=7,387,759 保險扣除=False ✓

[5780] 金額=2,183,187 保險扣除=False ✓

[5781] 金額=2,728,929 保險扣除=False ✓

[5782] 金額=2,071,218 保險扣除=False ✓

[5783] 金額=1,906,744 保險扣除=False ✓

[5784] 金額=845,811 保險扣除=False ✓

[5785] 金額=2,036,674 保險扣除=False ✓

[5786] 金額=2,905,588 保險扣除=False ✓

[5787] 金額=4,626,881 保險扣除=False ✓

[5788] 金額=1,503,583 保險扣除=True ✓

[5789] 金額=4,658,433 保險扣除=False ✓

[5790] 金額=4,266,622 保險扣除=False ✓

[5791] 金額=1,989,882 保險扣除=True ✓

[5792] 金額=4,173,539 保險扣除=False ✓

[5793] 金額=20,702,269 保險扣除=False ✓

[5794] 金額=1,830,781 保險扣除=False ✓

[5795] 金額=2,576,708 保險扣除=False ✓

[5796] 金額=510,073 保險扣除=True ✓

[5797] 金額=4,773,281 保險扣除=False ✓

[5798] 金額=3,991,541 保險扣除=True ✓

[5799] 金額=9,155,111 保險扣除=False ✓

[5800] 金額=4,843,357 保險扣除=True ✓

[5801] 金額=16,122,456 保險扣除=False ✓

[5802] 金額=3,160,431 保險扣除=False ✓

[5803] 金額=2,066,873 保險扣除=False ✓

[5804] 金額=792,469 保險扣除=False ✓

[5805] 金額=1,173,560 保險扣除=True ✓

[5806] 金額=2,530,213 保險扣除=True ✓

[5807] 金額=9,444,476 保險扣除=False ✓

[5808] 金額=1,920,000 保險扣除=False ✓

[5809] 金額=1,693,549 保險扣除=False ✓

[5810] 金額=111,910 保險扣除=False ✓

[5811] 金額=20,568,888 保險扣除=False ✓

[5812] 金額=10,899,315 保險扣除=True ✓

[5813] 金額=6,314,166 保險扣除=False ✓

[5814] 金額=13,029,290 保險扣除=False ✓

[5815] 金額=1,351,295 保險扣除=False ✓

[5816] 金額=795,288 保險扣除=False ✓

[5817] 金額=665,303 保險扣除=False ✓

[5818] 金額=12,929,818 保險扣除=False ✓

[5819] 金額=2,994,346 保險扣除=False ✓

[5820] 金額=2,500,000 保險扣除=False ✓

[5821] 金額=1,421,520 保險扣除=False ✓

[5822] 金額=6,589,793 保險扣除=False ✓

[5823] 金額=5,741,270 保險扣除=False ✓

[5824] 金額=5,597,167 保險扣除=False ✓

[5825] 金額=854,277 保險扣除=False ✓

[5826] 金額=970,862 保險扣除=False ✓

[5827] 金額=737,692 保險扣除=False ✓

[5828] 金額=600,135 保險扣除=False ✓

[5829] 金額=1,117,727 保險扣除=False ✓

[5830] 金額=1,322,497 保險扣除=False ✓

[5831] 金額=1,649,350 保險扣除=False ✓

[5832] 金額=936,316 保險扣除=False ✓

[5833] 金額=13,267,157 保險扣除=False ✓

[5834] 金額=720,628 保險扣除=False ✓

[5835] 金額=703,404 保險扣除=False ✓

[5836] 金額=3,349,273 保險扣除=False ✓

[5837] 金額=7,846,644 保險扣除=False ✓

[5838] 金額=391,974 保險扣除=False ✓

[5839] 金額=46,577,194 保險扣除=False ✓

[5840] 金額=3,762,801 保險扣除=True ✓

[5841] 金額=1,477,513 保險扣除=False ✓

[5842] 金額=2,042,001 保險扣除=False ✓

[5843] 金額=3,431,600 保險扣除=False ✓

[5844] 金額=2,140,425 保險扣除=False ✓

[5845] 金額=3,024,733 保險扣除=False ✓

[5846] 金額=4,495,674 保險扣除=False ✓

[5847] 金額=3,478,580 保險扣除=False ✓

[5848] 金額=2,346,532 保險扣除=False ✓

[5849] 金額=2,652,026 保險扣除=False ✓

[5850] 金額=7,134,011 保險扣除=False ✓

[5851] 金額=4,737,812 保險扣除=False ✓

[5852] 金額=778,578 保險扣除=False ✓

[5853] 金額=14,477,614 保險扣除=False ✓

[5854] 金額=715,702 保險扣除=False ✓

[5855] 金額=4,397,310 保險扣除=False ✓

[5856] 金額=1,194,800 保險扣除=False ✓

[5857] 金額=5,625,790 保險扣除=False ✓

[5858] 金額=10,458,434 保險扣除=False ✓

[5859] 金額=1,298,169 保險扣除=False ✓

[5860] 金額=1,661,753 保險扣除=False ✓

[5861] 金額=3,918,297 保險扣除=False ✓

[5862] 金額=8,069,514 保險扣除=False ✓

[5863] 金額=720,834 保險扣除=False ✓

[5864] 金額=898,913 保險扣除=False ✓

[5865] 金額=19,395,578 保險扣除=False ✓

[5866] 金額=4,154,756 保險扣除=False ✓

[5867] 金額=4,587,470 保險扣除=False ✓

[5868] 金額=3,078,827 保險扣除=False ✓

[5869] 金額=4,826,115 保險扣除=False ✓

[5870] 金額=7,187,489 保險扣除=False ✓

[5871] 金額=840,175 保險扣除=False ✓

[5872] 金額=8,554,294 保險扣除=False ✓

[5873] 金額=3,084,500 保險扣除=False ✓

[5874] 金額=1,592,046 保險扣除=False ✓

[5875] 金額=2,955,562 保險扣除=False ✓

[5876] 金額=2,423,168 保險扣除=False ✓

[5877] 金額=8,402,356 保險扣除=False ✓

[5878] 金額=1,879,951 保險扣除=False ✓

[5879] 金額=5,568,699 保險扣除=False ✓

[5880] 金額=16,743,780 保險扣除=False ✓

[5881] 金額=5,709,315 保險扣除=False ✓

[5882] 金額=29,945,441 保險扣除=False ✓

[5883] 金額=657,241 保險扣除=False ✓

[5884] 金額=714,179 保險扣除=False ✓

[5885] 金額=4,078,306 保險扣除=False ✓

[5886] 金額=5,001,190 保險扣除=False ✓

[5887] 金額=3,529,334 保險扣除=False ✓

[5888] 金額=819,574 保險扣除=False ✓

[5889] 金額=1,022,714 保險扣除=False ✓

[5890] 金額=6,645,588 保險扣除=False ✓

[5891] 金額=425,159 保險扣除=False ✓

[5892] 金額=10,907,568 保險扣除=False ✓

[5893] 金額=1,913,837 保險扣除=False ✓

[5894] 金額=1,509,655 保險扣除=False ✓

[5895] 金額=4,878,853 保險扣除=False ✓

[5896] 金額=7,476,341 保險扣除=False ✓

[5897] 金額=1,965,168 保險扣除=False ✓

[5898] 金額=3,259,380 保險扣除=False ✓

[5899] 金額=2,539,887 保險扣除=False ✓

[5900] 金額=3,172,021 保險扣除=False ✓

[5901] 金額=4,502,752 保險扣除=False ✓

[5902] 金額=1,603,792 保險扣除=False ✓

[5903] 金額=3,077,179 保險扣除=False ✓

[5904] 金額=8,108,032 保險扣除=False ✓

[5905] 金額=32,577,296 保險扣除=False ✓

[5906] 金額=1,749,615 保險扣除=False ✓

[5907] 金額=5,520,171 保險扣除=False ✓

[5908] 金額=10,680,072 保險扣除=False ✓

[5909] 金額=6,916,109 保險扣除=False ✓

[5910] 金額=2,313,492 保險扣除=False ✓

[5911] 金額=1,252,726 保險扣除=False ✓

[5912] 金額=2,280,715 保險扣除=False ✓

[5913] 金額=1,673,448 保險扣除=False ✓

[5914] 金額=7,938,015 保險扣除=False ✓

[5915] 金額=11,195,652 保險扣除=False ✓

[5916] 金額=9,023,585 保險扣除=False ✓

[5917] 金額=9,573,019 保險扣除=False ✓

[5918] 金額=2,111,425 保險扣除=False ✓

[5919] 金額=4,866,219 保險扣除=False ✓

[5920] 金額=2,409,651 保險扣除=False ✓

[5921] 金額=14,348,633 保險扣除=False ✓

[5922] 金額=2,065,208 保險扣除=False ✓

[5923] 金額=13,663,158 保險扣除=False ✓

[5924] 金額=5,027,264 保險扣除=True ✓

[5925] 金額=3,699,232 保險扣除=False ✓

[5926] 金額=2,435,180 保險扣除=False ✓

[5927] 金額=4,092,891 保險扣除=False ✓

[5928] 金額=939,158 保險扣除=False ✓

[5929] 金額=12,099,969 保險扣除=False ✓

[5930] 金額=6,038,908 保險扣除=False ✓

[5931] 金額=2,375,002 保險扣除=False ✓

[5932] 金額=14,331,840 保險扣除=False ✓

[5933] 金額=2,067,180 保險扣除=False ✓

[5934] 金額=3,237,173 保險扣除=False ✓

[5935] 金額=11,432,042 保險扣除=False ✓

[5936] 金額=5,681,988 保險扣除=False ✓

[5937] 金額=233,839 保險扣除=False ✓

[5938] 金額=5,671,395 保險扣除=False ✓

[5939] 金額=2,482,503 保險扣除=False ✓

[5940] 金額=23,814,407 保險扣除=False ✓

[5941] 金額=3,445,078 保險扣除=False ✓

[5942] 金額=9,317,046 保險扣除=False ✓

[5943] 金額=549,409 保險扣除=False ✓

[5944] 金額=6,997,634 保險扣除=False ✓

[5945] 金額=3,702,636 保險扣除=False ✓

[5946] 金額=2,076,776 保險扣除=False ✓

[5947] 金額=10,718,256 保險扣除=False ✓

[5948] 金額=7,882,859 保險扣除=False ✓

[5949] 金額=4,057,034 保險扣除=False ✓

[5950] 金額=1,205,050 保險扣除=False ✓

[5951] 金額=776,305 保險扣除=False ✓

[5952] 金額=1,805,000 保險扣除=False ✓

[5953] 金額=3,214,411 保險扣除=False ✓

[5954] 金額=838,350 保險扣除=False ✓

[5955] 金額=1,422,322 保險扣除=False ✓

[5956] 金額=2,412,612 保險扣除=False ✓

[5957] 金額=358,602 保險扣除=False ✓

[5958] 金額=128,924,285 保險扣除=False ✓

[5959] 金額=414,400 保險扣除=False ✓

[5960] 金額=7,255,014 保險扣除=False ✓

[5961] 金額=4,358,115 保險扣除=False ✓

[5962] 金額=3,894,709 保險扣除=False ✓

[5963] 金額=3,747,030 保險扣除=False ✓

[5964] 金額=5,161,350 保險扣除=False ✓

[5965] 金額=1,913,700 保險扣除=False ✓

[5966] 金額=25,008,923 保險扣除=False ✓

[5967] 金額=3,262,421 保險扣除=True ✓

[5968] 金額=7,984,822 保險扣除=False ✓

[5969] 金額=6,413,107 保險扣除=False ✓

[5970] 金額=2,041,564 保險扣除=False ✓

[5971] 金額=10,601,966 保險扣除=False ✓

[5972] 金額=1,993,800 保險扣除=True ✓

[5973] 金額=1,084,471 保險扣除=False ✓

[5974] 金額=2,193,841 保險扣除=False ✓

[5975] 金額=16,086,373 保險扣除=False ✓

[5976] 金額=3,063,495 保險扣除=False ✓

[5977] 金額=1,653,907 保險扣除=False ✓

[5978] 金額=4,345,889 保險扣除=False ✓

[5979] 金額=6,187,685 保險扣除=False ✓

[5980] 金額=3,306,600 保險扣除=False ✓

[5981] 金額=2,653,196 保險扣除=False ✓

[5982] 金額=9,154,570 保險扣除=False ✓

[5983] 金額=1,108,252 保險扣除=False ✓

[5984] 金額=4,557,073 保險扣除=False ✓

[5985] 金額=21,515,204 保險扣除=False ✓

[5986] 金額=4,353,297 保險扣除=False ✓

[5987] 金額=10,166,797 保險扣除=False ✓

[5988] 金額=6,385,876 保險扣除=True ✓

[5989] 金額=3,200,473 保險扣除=True ✓

[5990] 金額=29,019,065 保險扣除=False ✓

[5991] 金額=7,549,970 保險扣除=False ✓

[5992] 金額=760,230 保險扣除=True ✓

[5993] 金額=789,850 保險扣除=False ✓

[5994] 金額=4,641,916 保險扣除=False ✓

[5995] 金額=6,529,827 保險扣除=False ✓

[5996] 金額=15,654,871 保險扣除=True ✓

[5997] 金額=1,313,703 保險扣除=True ✓

[5998] 金額=483,270 保險扣除=False ✓

[5999] 金額=15,400,397 保險扣除=False ✓

[6000] 金額=2,875,455 保險扣除=False ✓

[6001] 金額=8,446,869 保險扣除=True ✓

[6002] 金額=15,212,211 保險扣除=False ✓

[6003] 金額=3,960,365 保險扣除=True ✓

[6004] 金額=4,475,257 保險扣除=False ✓

[6005] 金額=2,512,400 保險扣除=False ✓

[6006] 金額=1,892,046 保險扣除=False ✓

[6007] 金額=6,590,045 保險扣除=False ✓

[6008] 金額=2,080,640 保險扣除=True ✓

[6009] 金額=1,358,557 保險扣除=False ✓

[6010] 金額=32,998,386 保險扣除=False ✓

[6011] 金額=1,881,622 保險扣除=True ✓

[6012] 金額=16,237,001 保險扣除=False ✓

[6013] 金額=4,653,773 保險扣除=False ✓

[6014] 金額=2,595,218 保險扣除=False ✓

[6015] 金額=6,842,000 保險扣除=False ✓

[6016] 金額=11,933,945 保險扣除=True ✓

[6017] 金額=37,182,358 保險扣除=False ✓

[6018] 金額=37,182,358 保險扣除=False ✓

[6019] 金額=1,031,290 保險扣除=False ✓

[6020] 金額=4,199,316 保險扣除=True ✓

[6021] 金額=6,360,533 保險扣除=False ✓

[6022] 金額=1,149,816 保險扣除=False ✓

[6023] 金額=7,716,809 保險扣除=True ✓

[6024] 金額=3,129,206 保險扣除=False ✓

[6025] 金額=2,980,244 保險扣除=False ✓

[6026] 金額=20,635,564 保險扣除=False ✓

[6027] 金額=6,217,722 保險扣除=False ✓

[6028] 金額=12,446,436 保險扣除=False ✓

[6029] 金額=3,425,281 保險扣除=False ✓

[6030] 金額=3,119,188 保險扣除=True ✓

[6031] 金額=1,072,602 保險扣除=False ✓

[6032] 金額=2,441,459 保險扣除=True ✓

[6033] 金額=4,960,974 保險扣除=False ✓

[6034] 金額=9,184,216 保險扣除=False ✓

[6035] 金額=4,361,148 保險扣除=False ✓

[6036] 金額=1,500,000 保險扣除=True ✓

[6037] 金額=11,385,046 保險扣除=True ✓

[6038] 金額=1,490,970 保險扣除=True ✓

[6039] 金額=3,645,317 保險扣除=False ✓

[6040] 金額=2,717,423 保險扣除=False ✓

[6041] 金額=12,368,832 保險扣除=False ✓

[6042] 金額=4,542,828 保險扣除=True ✓

[6043] 金額=12,643,230 保險扣除=False ✓

[6044] 金額=8,989,664 保險扣除=True ✓

[6045] 金額=1,760,803 保險扣除=False ✓

[6046] 金額=15,612,678 保險扣除=False ✓

[6047] 金額=5,832,296 保險扣除=False ✓

[6048] 金額=3,436,901 保險扣除=True ✓

[6049] 金額=697,894 保險扣除=False ✓

[6050] 金額=7,308,288 保險扣除=False ✓

[6051] 金額=2,967,864 保險扣除=False ✓

[6052] 金額=524,696 保險扣除=False ✓

[6053] 金額=23,872,437 保險扣除=False ✓

[6054] 金額=15,042,092 保險扣除=False ✓

[6055] 金額=1,468,582 保險扣除=False ✓

[6056] 金額=12,018,226 保險扣除=False ✓

[6057] 金額=1,198,178 保險扣除=False ✓

完成！輸出：/home/aru/AI_LAW/new_kg/phase1_tensors_v3.jsonl
